Workbook

Sheet data_use
A1: santa cruz mountains long term forest monitoring network
A2: version: jan162026
A3: intended use
A4: These data are being shared for the following purpose: -Shive fuels project data exploration/project planning/collaborative research in redwoods Use of the data for purposes beyond this scope should be discussed with the SCMLTFMN team prior to proceeding.
A5: collaboration and privacy expectations
A6: The SCMLTFMN is a collaborative monitoring network built through partnerships across agencies, landowners, and organizations. -Please coordinate with the SCMLTFMN team before using the data in reports, presentations, or publications. -Multiple researchers and affiliates are actively using SCMLTFMN data for ongoing projects. To avoid overlap, please limit your use to the intended purpose described above and check with the SCMLTFMN team before expanding into new analyses or topics. -Plot locations are NOT public. -Please acknowledge the SCMLTFMN and funding sources in any resulting products.
A7: data sharing
A8: To maintain data integrity and respect partner contributions: -These data are shared as part of an active, ongoing monitoring network and are not considered public-release datasets. -Please do not redistribute the raw dataset outside your immediate project team. -If others are interested in the data, connect them with the SCMLTFMN team so we can provide the most current version and context.
A9: disclaimer
A10: While every effort has been made to ensure the accuracy of these data, errors and omissions may occur. The data are provided “as is” without warranty of any kind, either expressed or implied.
A11: No warranty is made regarding their completeness or suitability for any specific use.
A12: contact
... A16: 831-348-7305

Sheet field_metadata
A1: This spreadhseet describes the summary variables that exist in the "plot_master" datasheet.
A2: field_name | B2: category | C2: data_type | D2: units | E2: description | F2: method
A3: plot_name | B3: Plot ID | C3: text | D3: none | E3: Unique plot identifier | F3: Assigned ID
A4: plot_mark | B4: Plot ID | C4: text | D4: none | E4: Physical marker type at plot center | F4: Field observation
A5: latitude | B5: Location | C5: decimal | D5: degrees | E5: Plot center latitude (WGS84) | F5: GPS receiver (±2m accuracy whenever possible)
A6: longitude | B6: Location | C6: decimal | D6: degrees | E6: Plot center longitude (WGS84) | F6: GPS receiver (±2m accuracy whenever possible)
A7: insta# | B7: Photos | C7: integer | D7: none | E7: Insta360 photo sequence number | F7: Recorded in Survey123
A8: insta360_filename | B8: Photos | C8: text | D8: none | E8: Filename of 360° panorama (e.g., 2025-05-21 10:04) | F8: Insta360 ONE X2 camera app - for internal use
A9: czu_dnbr | B9: Fire | C9: integer | D9: dNBR units | E9: CZU Lightning Complex (2020) differenced Normalized Burn Ratio | F9: Monitoring Trends in Burn Severity
A10: burn_scars_anytime | B10: Fire | C10: boolean | D10: yes/no | E10: Evidence of fire at any time in plot history (burn scars, etc) | F10: Field observation
A11: lockheed | B11: Management | C11: boolean | D11: yes/no | E11: Within Lockheed Fire footprint | F11: Monitoring Trends in Burn Severity fire footprint
A12: site_masticated | B12: Management | C12: boolean | D12: yes/no | E12: Plot in masticated/chipped fuel treatment area | F12: Field observation
A13: veg_type | B13: Vegetation | C13: text | D13: none | E13: Dominant vegetation type | F13: Vegetation data
... A175: qmd_dead_Hardwoods | B175: Size | C175: decimal | D175: cm | E175: Hardwood quadratic mean diameter - dead trees | F175: Calculated: sqrt((BA/TPA)/0.005454)*2.54, NA if TPA=0

Sheet plots_master
A1: plot_name | B1: plot_mark | C1: lockheed | D1: czu_dnbr | E1: burn_scars_anytime | F1: latitude | G1: longitude | H1: insta# | I1: insta360_filename | J1: site_masticated | K1: veg_type | L1: sese_seedlings | M1: psme_seedlings | N1: California black oak | O1: MIN_plot_height_ft | P1: MAX_tree_height_ft | Q1: MEAN_height_ft | R1: sky | S1: canopycover_all | T1: canopycover_live | U1: canopycover_dead | V1: psme_dead_canopy | W1: psme_live_canopy | X1: hardwood_dead_canopy | Y1: hardwood_live_canopy | Z1: redwood_dead_canopy | AA1: redwood_live_canopy | AB1: sky | AC1: canopycover_all | AD1: canopycover_live | AE1: canopycover_dead | AF1: ceanothus_cover | AG1: ceanothus_height_m | AH1: avg_shrub_pct | AI1: avg_noshrub_pct | AJ1: firemon_height_all_shrubs_m | AK1: mgha_1h_mean | AL1: mgha_10h_mean | AM1: mgha_100h_mean | AN1: mgha_fine_mean | AO1: mgha_1000s_mean | AP1: mgha_1000r_mean | AQ1: mgha_1000_mean | AR1: mgha_coarse_mean | AS1: mgha_total_mean | AT1: mean_duff_depth_cm | AU1: mean_litter_depth_cm | AV1: total_tpa | AW1: live_tpa | AX1: dead_tpa | AY1: pct_dead_count | AZ1: total_ba_acre | BA1: live_ba_acre | BB1: dead_ba_acre | BC1: pct_dead_ba | BD1: qmd_total_cm | BE1: qmd_live_cm | BF1: qmd_dead_cm | BG1: pct_dead_count_Douglas-fir | BH1: pct_dead_count_Redwood | BI1: pct_dead_count_Tanoak | BJ1: pct_dead_count_Other_Quercus | BK1: pct_dead_count_Madrone | BL1: pct_dead_count_Other | BM1: pct_dead_count_Bay_laurel | BN1: pct_dead_count_Black_oak | BO1: pct_dead_ba_Douglas-fir | BP1: pct_dead_ba_Redwood | BQ1: pct_dead_ba_Tanoak | BR1: pct_dead_ba_Other_Quercus | BS1: pct_dead_ba_Madrone | BT1: pct_dead_ba_Other | BU1: pct_dead_ba_Bay_laurel | BV1: pct_dead_ba_Black_oak | BW1: tpa_Douglas-fir | BX1: tpa_Redwood | BY1: tpa_Tanoak | BZ1: tpa_Other_Quercus | CA1: tpa_Madrone | CB1: tpa_Other | CC1: tpa_Bay_laurel | CD1: tpa_Black_oak | CE1: live_tpa_Douglas-fir | CF1: live_tpa_Redwood | CG1: live_tpa_Tanoak | CH1: live_tpa_Other_Quercus | CI1: live_tpa_Madrone | CJ1: live_tpa_Other | CK1: live_tpa_Bay_laurel | CL1: live_tpa_Black_oak | CM1: dead_tpa_Douglas-fir | CN1: dead_tpa_Redwood | CO1: dead_tpa_Tanoak | CP1: dead_tpa_Other_Quercus | CQ1: dead_tpa_Madrone | CR1: dead_tpa_Other | CS1: dead_tpa_Bay_laurel | CT1: dead_tpa_Black_oak | CU1: ba_acre_total_Douglas-fir | CV1: ba_acre_total_Redwood | CW1: ba_acre_total_Tanoak | CX1: ba_acre_total_Other_Quercus | CY1: ba_acre_total_Madrone | CZ1: ba_acre_total_Other | DA1: ba_acre_total_Bay_laurel | DB1: ba_acre_total_Black_oak | DC1: ba_acre_live_Douglas-fir | DD1: ba_acre_live_Redwood | DE1: ba_acre_live_Tanoak | DF1: ba_acre_live_Other_Quercus | DG1: ba_acre_live_Madrone | DH1: ba_acre_live_Other | DI1: ba_acre_live_Bay_laurel | DJ1: ba_acre_live_Black_oak | DK1: ba_acre_dead_Douglas-fir | DL1: ba_acre_dead_Redwood | DM1: ba_acre_dead_Tanoak | DN1: ba_acre_dead_Other_Quercus | DO1: ba_acre_dead_Madrone | DP1: ba_acre_dead_Other | DQ1: ba_acre_dead_Bay_laurel | DR1: ba_acre_dead_Black_oak | DS1: qmd_total_Douglas-fir | DT1: qmd_total_Redwood | DU1: qmd_total_Tanoak | DV1: qmd_total_Other_Quercus | DW1: qmd_total_Madrone | DX1: qmd_total_Other | DY1: qmd_total_Bay_laurel | DZ1: qmd_total_Black_oak | EA1: qmd_live_Douglas-fir | EB1: qmd_live_Redwood | EC1: qmd_live_Tanoak | ED1: qmd_live_Other_Quercus | EE1: qmd_live_Madrone | EF1: qmd_live_Other | EG1: qmd_live_Bay_laurel | EH1: qmd_live_Black_oak | EI1: qmd_dead_Douglas-fir | EJ1: qmd_dead_Redwood | EK1: qmd_dead_Tanoak | EL1: qmd_dead_Other_Quercus | EM1: qmd_dead_Madrone | EN1: qmd_dead_Other | EO1: qmd_dead_Bay_laurel | EP1: qmd_dead_Black_oak | EQ1: Hardwoods_tpa | ER1: Hardwoods_live_tpa | ES1: Hardwoods_dead_tpa | ET1: Hardwoods_ba_acre | EU1: Hardwoods_ba_acre_live | EV1: Hardwoods_ba_acre_dead | EW1: Hardwoods_pct_dead_count | EX1: Hardwoods_pct_dead_ba | EY1: qmd_total_Hardwoods | EZ1: qmd_live_Hardwoods | FA1: qmd_dead_Hardwoods | FB1: large_>30cm_pct_dead_count | FC1: medium_10-30cm_pct_dead_count | FD1: large_>30cm_tpa | FE1: medium_10-30cm_tpa | FF1: sapling_tpa | FG1: sapling_live_tpa | FH1: sapling_dead_tpa | FI1: sapling_pct_dead | FJ1: qmd_Douglas-fir_live_cm | FK1: qmd_Redwood_live_cm | FL1: qmd_Tanoak_live_cm | FM1: qmd_Other_Quercus_live_cm | FN1: qmd_Madrone_live_cm | FO1: qmd_Other_live_cm | FP1: qmd_Bay_laurel_live_cm | FQ1: qmd_Black_oak_live_cm | FR1: pct_epicormic | FS1: pct_basal_sprout | FT1: pct_broken_top | FU1: pct_hollow
A2: BB1 | B2: Stake | C2: UNBURNED | D2: 698 | E2: Yes | F2: 37.202489415 | G2: -122.25358118833334 | H2: 1 | I2: 2025-07-01 16:14 | J2: No | K2: SESE | L2: 0 | M2: 0 | N2: 0 | O2: 0 | P2: 171.45 | Q2: 74.294711 | R2: 0.46341463 | S2: 0.53658537 | T2: 0.53658537 | U2: 0 | V2: 0 | W2: 0.48780488 | X2: 0 | Y2: 0 | Z2: 0 | AA2: 0.048780488 | AB2: 0.46341463 | AC2: 0.53658537 | AD2: 0.53658537 | AE2: 0 | AF2: =_xlfn.XLOOKUP(A2, ceanothus_cover!$A:$A, ceanothus_cover!$D:$D, "") -> 70.79646 | AG2: =_xlfn.XLOOKUP(A2, ceanothus_cover!$A:$A, ceanothus_cover!$E:$E, "") -> 3.5043777 | AH2: 78.318584 | AI2: 21.681416 | AJ2: 3.2771812 | AK2: 0.47225923 | AL2: 3.1167599 | AM2: 9.9218656 | AN2: 13.510885 | AO2: 81.536683 | AP2: 0 | AQ2: 81.536683 | AR2: 81.536683 | AS2: 95.047568 | AT2: 1 | AU2: 1.875 | AV2: 80 | AW2: 40 | AX2: 40 | AY2: 50 | AZ2: 202.01213 | BA2: 181.51973 | BB2: 20.492402 | BC2: 10.144144 | BD2: 54.65374 | BE2: 73.266943 | BF2: 24.617423 | BG2: 50 | BH2: 0 | BI2: 66.666667 | BJ2: NA | BK2: NA | BL2: NA | BM2: NA | BN2: NA | BO2: 6.7280792 | BP2: 0 | BQ2: 43.416087 | BR2: NA | BS2: NA | BT2: NA | BU2: NA | BV2: NA | BW2: 40 | BX2: 10 | BY2: 30 | BZ2: 0 | CA2: 0 | CB2: 0 | CC2: 0 | CD2: 0 | CE2: 20 | CF2: 10 | CG2: 10 | CH2: 0 | CI2: 0 | CJ2: 0 | CK2: 0 | CL2: 0 | CM2: 20 | CN2: 0 | CO2: 20 | CP2: 0 | CQ2: 0 | CR2: 0 | CS2: 0 | CT2: 0 | CU2: 169.72823 | CV2: 11.386227 | CW2: 20.897673 | CX2: 0 | CY2: 0 | CZ2: 0 | DA2: 0 | DB2: 0 | DC2: 158.30878 | DD2: 11.386227 | DE2: 11.824721 | DF2: 0 | DG2: 0 | DH2: 0 | DI2: 0 | DJ2: 0 | DK2: 11.41945 | DL2: 0 | DM2: 9.0729517 | DN2: 0 | DO2: 0 | DP2: 0 | DQ2: 0 | DR2: 0 | DS2: 70.847283 | DT2: 36.7 | DU2: 28.705458 | DV2: NA | DW2: NA | DX2: NA | DY2: NA | DZ2: NA | EA2: 96.763965 | EB2: 36.7 | EC2: 37.4 | ED2: NA | EE2: NA | EF2: NA | EG2: NA | EH2: NA | EI2: 25.988651 | EJ2: NA | EK2: 23.165168 | EL2: NA | EM2: NA | EN2: NA | EO2: NA | EP2: NA | EQ2: 30 | ER2: 10 | ES2: 20 | ET2: 20.897673 | EU2: 11.824721 | EV2: 9.0729517 | EW2: 66.666667 | EX2: 43.416087 | EY2: 28.705458 | EZ2: 37.4 | FA2: 23.165168 | FB2: 20 | FC2: 100 | FD2: 50 | FE2: 30 | FF2: 0 | FG2: 0 | FH2: 0 | FI2: NA | FJ2: 96.763965 | FK2: 36.7 | FL2: 37.4 | FM2: NA | FN2: NA | FO2: NA | FP2: NA | FQ2: NA | FR2: 12.5 | FS2: 100 | FT2: 0 | FU2: 0
A3: BB10 | B3: Rebar | C3: UNBURNED | D3: 249 | E3: Yes | F3: 37.195288945 | G3: -122.25956996166666 | H3: 2 | I3: 2025-07-16 09:40 | J3: No | K3: SESE | L3: 5 | M3: 6 | N3: 0 | O3: 0 | P3: 135.75999 | Q3: 81.941533 | R3: 0.027272727 | S3: 0.97272727 | T3: 0.90909091 | U3: 0.063636364 | V3: 0 | W3: 0.14545455 | X3: 0.063636364 | Y3: 0 | Z3: 0 | AA3: 0.76363636 | AB3: 0.027272727 | AC3: 0.97272727 | AD3: 0.90909091 | AE3: 0.063636364 | AF3: =_xlfn.XLOOKUP(A3, ceanothus_cover!$A:$A, ceanothus_cover!$D:$D, "") -> 0.13274336 | AG3: =_xlfn.XLOOKUP(A3, ceanothus_cover!$A:$A, ceanothus_cover!$E:$E, "") -> 0.3 | AH3: 4.4911504 | AI3: 95.50885 | AJ3: 1.4808271 | AK3: 1.2702145 | AL3: 4.0517879 | AM3: 12.402332 | AN3: 17.724334 | AO3: 16.439122 | AP3: 0 | AQ3: 16.439122 | AR3: 16.439122 | AS3: 34.163456 | AT3: 6.75 | AU3: 1.5 | AV3: 140 | AW3: 100 | AX3: 40 | AY3: 28.571429 | AZ3: 314.79072 | BA3: 288.08737 | BB3: 26.703347 | BC3: 8.482889 | BD3: 51.573083 | BE3: 58.376528 | BF3: 28.101468 | BG3: 0 | BH3: 0 | BI3: 80 | BJ3: NA | BK3: NA | BL3: NA | BM3: NA | BN3: NA | BO3: 0 | BP3: 0 | BQ3: 71.481233 | BR3: NA | BS3: NA | BT3: NA | BU3: NA | BV3: NA | BW3: 10 | BX3: 80 | BY3: 50 | BZ3: 0 | CA3: 0 | CB3: 0 | CC3: 0 | CD3: 0 | CE3: 10 | CF3: 80 | CG3: 10 | CH3: 0 | CI3: 0 | CJ3: 0 | CK3: 0 | CL3: 0 | CM3: 0 | CN3: 0 | CO3: 40 | CP3: 0 | CQ3: 0 | CR3: 0 | CS3: 0 | CT3: 0 | CU3: 22.247562 | CV3: 255.18601 | CW3: 37.357144 | CX3: 0 | CY3: 0 | CZ3: 0 | DA3: 0 | DB3: 0 | DC3: 22.247562 | DD3: 255.18601 | DE3: 10.653797 | DF3: 0 | DG3: 0 | DH3: 0 | DI3: 0 | DJ3: 0 | DK3: 0 | DL3: 0 | DM3: 26.703347 | DN3: 0 | DO3: 0 | DP3: 0 | DQ3: 0 | DR3: 0 | DS3: 51.3 | DT3: 61.42704 | DU3: 29.728841 | DV3: NA | DW3: NA | DX3: NA | DY3: NA | DZ3: NA | EA3: 51.3 | EB3: 61.42704 | EC3: 35.5 | ED3: NA | EE3: NA | EF3: NA | EG3: NA | EH3: NA | EI3: NA | EJ3: NA | EK3: 28.101468 | EL3: NA | EM3: NA | EN3: NA | EO3: NA | EP3: NA | EQ3: 50 | ER3: 10 | ES3: 40 | ET3: 37.357144 | EU3: 10.653797 | EV3: 26.703347 | EW3: 80 | EX3: 71.481233 | EY3: 29.728841 | EZ3: 35.5 | FA3: 28.101468 | FB3: 12.5 | FC3: 50 | FD3: 80 | FE3: 60 | FF3: 0 | FG3: 0 | FH3: 0 | FI3: NA | FJ3: 51.3 | FK3: 61.42704 | FL3: 35.5 | FM3: NA | FN3: NA | FO3: NA | FP3: NA | FQ3: NA | FR3: 0 | FS3: 92.857143 | FT3: 0 | FU3: 0
A4: BB11 | B4: Rebar | C4: UNBURNED | D4: 146 | E4: Yes | F4: 37.19708570375597 | G4: -122.24238071799124 | H4: 2 | I4: 2025-06-30 11:51 | J4: No | K4: SESE | L4: 0 | M4: 0 | N4: 0 | O4: 0.38 | P4: 153.00999 | Q4: 95.03162 | R4: 0.25252525 | S4: 0.74747475 | T4: 0.74747475 | U4: 0 | V4: 0 | W4: 0 | X4: 0 | Y4: 0.36363636 | Z4: 0 | AA4: 0.38383838 | AB4: 0.25252525 | AC4: 0.74747475 | AD4: 0.74747475 | AE4: 0 | AF4: 0 | AG4: NA | AH4: 8.6061947 | AI4: 91.393805 | AJ4: 0.77977642 | AK4: 0.81424006 | AL4: 2.181732 | AM4: 13.642565 | AN4: 16.638537 | AO4: 24.741594 | AP4: 0 | AQ4: 24.741594 | AR4: 24.741594 | AS4: 41.380131 | AT4: 0.625 | AU4: 3.25 | AV4: 60 | AW4: 40 | AX4: 20 | AY4: 33.333333 | AZ4: 81.053054 | BA4: 70.584901 | BB4: 10.468153 | BC4: 12.915186 | BD4: 39.9747 | BE4: 45.687991 | BF4: 24.882624 | BG4: NA | BH4: 33.333333 | BI4: 33.333333 | BJ4: NA | BK4: NA | BL4: NA | BM4: NA | BN4: NA | BO4: NA | BP4: 6.821778 | BQ4: 15.038183 | BR4: NA | BS4: NA | BT4: NA | BU4: NA | BV4: NA | BW4: 0 | BX4: 30 | BY4: 30 | BZ4: 0 | CA4: 0 | CB4: 0 | CC4: 0 | CD4: 0 | CE4: 0 | CF4: 20 | CG4: 20 | CH4: 0 | CI4: 0 | CJ4: 0 | CK4: 0 | CL4: 0 | CM4: 0 | CN4: 10 | CO4: 10 | CP4: 0 | CQ4: 0 | CR4: 0 | CS4: 0 | CT4: 0 | CU4: 0 | CV4: 20.9429 | CW4: 60.110154 | CX4: 0 | CY4: 0 | CZ4: 0 | DA4: 0 | DB4: 0 | DC4: 0 | DD4: 19.514222 | DE4: 51.070679 | DF4: 0 | DG4: 0 | DH4: 0 | DI4: 0 | DJ4: 0 | DK4: 0 | DL4: 1.4286782 | DM4: 9.039475 | DN4: 0 | DO4: 0 | DP4: 0 | DQ4: 0 | DR4: 0 | DS4: NA | DT4: 28.736504 | DU4: 48.684358 | DV4: NA | DW4: NA | DX4: NA | DY4: NA | DZ4: NA | EA4: NA | EB4: 33.973225 | EC4: 54.960031 | ED4: NA | EE4: NA | EF4: NA | EG4: NA | EH4: NA | EI4: NA | EJ4: 13 | EK4: 32.7 | EL4: NA | EM4: NA | EN4: NA | EO4: NA | EP4: NA | EQ4: 30 | ER4: 20 | ES4: 10 | ET4: 60.110154 | EU4: 51.070679 | EV4: 9.039475 | EW4: 33.333333 | EX4: 15.038183 | EY4: 48.684358 | EZ4: 54.960031 | FA4: 32.7 | FB4: 25 | FC4: 50 | FD4: 40 | FE4: 20 | FF4: 0 | FG4: 0 | FH4: 0 | FI4: NA | FJ4: NA | FK4: 33.973225 | FL4: 54.960031 | FM4: NA | FN4: NA | FO4: NA | FP4: NA | FQ4: NA | FR4: 0 | FS4: 100 | FT4: 0 | FU4: 0
A5: BB12 | B5: Stake | C5: UNBURNED | D5: 137 | E5: Yes | F5: 37.19801656794056 | G5: -122.24301275146432 | H5: 1 | I5: 2025-06-30 15:37 | J5: No | K5: SESE | L5: 0 | M5: 0 | N5: 0 | O5: 27.690001 | P5: 135.89 | Q5: 79.431346 | R5: 0.034782609 | S5: 0.96521739 | T5: 0.90434783 | U5: 0.060869565 | V5: 0 | W5: 0.034782609 | X5: 0.060869565 | Y5: 0.15652174 | Z5: 0 | AA5: 0.71304348 | AB5: 0.034782609 | AC5: 0.96521739 | AD5: 0.90434783 | AE5: 0.060869565 | AF5: 0 | AG5: NA | AH5: 4.4247788 | AI5: 95.575221 | AJ5: 0.561 | AK5: 0.47225923 | AL5: 1.246704 | AM5: 1.2402332 | AN5: 2.9591964 | AO5: 0 | AP5: 0 | AQ5: 0 | AR5: 0 | AS5: 2.9591964 | AT5: 2.625 | AU5: 2.25 | AV5: 140 | AW5: 140 | AX5: 0 | AY5: 0 | AZ5: 414.53824 | BA5: 414.53824 | BB5: 0 | BC5: 0 | BD5: 59.182653 | BE5: 59.182653 | BF5: NA | BG5: 0 | BH5: 0 | BI5: 0 | BJ5: NA | BK5: NA | BL5: NA | BM5: NA | BN5: NA | BO5: 0 | BP5: 0 | BQ5: 0 | BR5: NA | BS5: NA | BT5: NA | BU5: NA | BV5: NA | BW5: 10 | BX5: 120 | BY5: 10 | BZ5: 0 | CA5: 0 | CB5: 0 | CC5: 0 | CD5: 0 | CE5: 10 | CF5: 120 | CG5: 10 | CH5: 0 | CI5: 0 | CJ5: 0 | CK5: 0 | CL5: 0 | CM5: 0 | CN5: 0 | CO5: 0 | CP5: 0 | CQ5: 0 | CR5: 0 | CS5: 0 | CT5: 0 | CU5: 10.474493 | CV5: 399.59173 | CW5: 4.4720162 | CX5: 0 | CY5: 0 | CZ5: 0 | DA5: 0 | DB5: 0 | DC5: 10.474493 | DD5: 399.59173 | DE5: 4.4720162 | DF5: 0 | DG5: 0 | DH5: 0 | DI5: 0 | DJ5: 0 | DK5: 0 | DL5: 0 | DM5: 0 | DN5: 0 | DO5: 0 | DP5: 0 | DQ5: 0 | DR5: 0 | DS5: 35.2 | DT5: 62.761566 | DU5: 23 | DV5: NA | DW5: NA | DX5: NA | DY5: NA | DZ5: NA | EA5: 35.2 | EB5: 62.761566 | EC5: 23 | ED5: NA | EE5: NA | EF5: NA | EG5: NA | EH5: NA | EI5: NA | EJ5: NA | EK5: NA | EL5: NA | EM5: NA | EN5: NA | EO5: NA | EP5: NA | EQ5: 10 | ER5: 10 | ES5: 0 | ET5: 4.4720162 | EU5: 4.4720162 | EV5: 0 | EW5: 0 | EX5: 0 | EY5: 23 | EZ5: 23 | FA5: NA | FB5: 0 | FC5: 0 | FD5: 90 | FE5: 50 | FF5: 0 | FG5: 0 | FH5: 0 | FI5: NA | FJ5: 35.2 | FK5: 62.761566 | FL5: 23 | FM5: NA | FN5: NA | FO5: NA | FP5: NA | FQ5: NA | FR5: 28.571429 | FS5: 100 | FT5: 0 | FU5: 0
A6: BB15 | B6: Stake | C6: UNBURNED | D6: 456 | E6: No | F6: 37.19466281 | G6: -122.25074200166667 | H6: 1 | I6: 2025-07-02 12:34 | J6: No | K6: SESE | L6: 7 | M6: 0 | N6: 0 | O6: 0 | P6: 132.3 | Q6: 25.408252 | R6: 0.78571429 | S6: 0.21428571 | T6: 0.21428571 | U6: 0 | V6: 0 | W6: 0 | X6: 0 | Y6: 0 | Z6: 0 | AA6: 0.21428571 | AB6: 0.78571429 | AC6: 0.21428571 | AD6: 0.21428571 | AE6: 0 | AF6: =_xlfn.XLOOKUP(A6, ceanothus_cover!$A:$A, ceanothus_cover!$D:$D, "") -> 25.221239 | AG6: =_xlfn.XLOOKUP(A6, ceanothus_cover!$A:$A, ceanothus_cover!$E:$E, "") -> 2.4276289 | AH6: 29.09292 | AI6: 70.90708 | AJ6: 2.1804953 | AK6: 0.61882244 | AL6: 0.93502798 | AM6: 11.162099 | AN6: 12.715949 | AO6: 14.749478 | AP6: 0 | AQ6: 14.749478 | AR6: 14.749478 | AS6: 27.465427 | AT6: 1.125 | AU6: 1.125 | AV6: 10 | AW6: 0 | AX6: 10 | AY6: 100 | AZ6: 9.7724967 | BA6: 0 | BB6: 9.7724967 | BC6: 100 | BD6: 34 | BE6: NA | BF6: 34 | BG6: NA | BH6: NA | BI6: 100 | BJ6: NA | BK6: NA | BL6: NA | BM6: NA | BN6: NA | BO6: NA | BP6: NA | BQ6: 100 | BR6: NA | BS6: NA | BT6: NA | BU6: NA | BV6: NA | BW6: 0 | BX6: 0 | BY6: 10 | BZ6: 0 | CA6: 0 | CB6: 0 | CC6: 0 | CD6: 0 | CE6: 0 | CF6: 0 | CG6: 0 | CH6: 0 | CI6: 0 | CJ6: 0 | CK6: 0 | CL6: 0 | CM6: 0 | CN6: 0 | CO6: 10 | CP6: 0 | CQ6: 0 | CR6: 0 | CS6: 0 | CT6: 0 | CU6: 0 | CV6: 0 | CW6: 9.7724967 | CX6: 0 | CY6: 0 | CZ6: 0 | DA6: 0 | DB6: 0 | DC6: 0 | DD6: 0 | DE6: 0 | DF6: 0 | DG6: 0 | DH6: 0 | DI6: 0 | DJ6: 0 | DK6: 0 | DL6: 0 | DM6: 9.7724967 | DN6: 0 | DO6: 0 | DP6: 0 | DQ6: 0 | DR6: 0 | DS6: NA | DT6: NA | DU6: 34 | DV6: NA | DW6: NA | DX6: NA | DY6: NA | DZ6: NA | EA6: NA | EB6: NA | EC6: NA | ED6: NA | EE6: NA | EF6: NA | EG6: NA | EH6: NA | EI6: NA | EJ6: NA | EK6: 34 | EL6: NA | EM6: NA | EN6: NA | EO6: NA | EP6: NA | EQ6: 10 | ER6: 0 | ES6: 10 | ET6: 9.7724967 | EU6: 0 | EV6: 9.7724967 | EW6: 100 | EX6: 100 | EY6: 34 | EZ6: NA | FA6: 34 | FB6: 100 | FC6: NA | FD6: 10 | FE6: 0 | FF6: 300 | FG6: 300 | FH6: 0 | FI6: 0 | FJ6: NA | FK6: NA | FL6: NA | FM6: NA | FN6: NA | FO6: NA | FP6: NA | FQ6: NA | FR6: 0 | FS6: 0 | FT6: 0 | FU6: 0
A7: BB16 | B7: Stake | C7: UNBURNED | D7: 208 | E7: Yes | F7: 37.197469701500005 | G7: -122.25041281316665 | H7: 2 | I7: 2025-07-02 15:01 | J7: No | K7: SESE | L7: 1 | M7: 0 | N7: 0 | O7: 0 | P7: 140.81999 | Q7: 70.248652 | R7: 0.13684211 | S7: 0.86315789 | T7: 0.86315789 | U7: 0 | V7: 0 | W7: 0 | X7: 0 | Y7: 0.12631579 | Z7: 0 | AA7: 0.73684211 | AB7: 0.13684211 | AC7: 0.86315789 | AD7: 0.86315789 | AE7: 0 | AF7: 0 | AG7: NA | AH7: 8.4070796 | AI7: 91.59292 | AJ7: 0.20723684 | AK7: 0.61882244 | AL7: 4.3634639 | AM7: 2.4804664 | AN7: 7.4627528 | AO7: 14.749478 | AP7: 0 | AQ7: 14.749478 | AR7: 14.749478 | AS7: 22.21223 | AT7: 3.5 | AU7: 1.5 | AV7: 170 | AW7: 120 | AX7: 50 | AY7: 29.411765 | AZ7: 346.81475 | BA7: 313.21951 | BB7: 33.59524 | BC7: 9.6867968 | BD7: 49.124763 | BE7: 55.566102 | BF7: 28.192268 | BG7: NA | BH7: 14.285714 | BI7: 100 | BJ7: NA | BK7: NA | BL7: NA | BM7: NA | BN7: NA | BO7: NA | BP7: 3.5391615 | BQ7: 100 | BR7: NA | BS7: NA | BT7: NA | BU7: NA | BV7: NA | BW7: 0 | BX7: 140 | BY7: 30 | BZ7: 0 | CA7: 0 | CB7: 0 | CC7: 0 | CD7: 0 | CE7: 0 | CF7: 120 | CG7: 0 | CH7: 0 | CI7: 0 | CJ7: 0 | CK7: 0 | CL7: 0 | CM7: 0 | CN7: 20 | CO7: 30 | CP7: 0 | CQ7: 0 | CR7: 0 | CS7: 0 | CT7: 0 | CU7: 0 | CV7: 324.71158 | CW7: 22.103173 | CX7: 0 | CY7: 0 | CZ7: 0 | DA7: 0 | DB7: 0 | DC7: 0 | DD7: 313.21951 | DE7: 0 | DF7: 0 | DG7: 0 | DH7: 0 | DI7: 0 | DJ7: 0 | DK7: 0 | DL7: 11.492067 | DM7: 22.103173 | DN7: 0 | DO7: 0 | DP7: 0 | DQ7: 0 | DR7: 0 | DS7: NA | DT7: 52.37946 | DU7: 29.5218 | DV7: NA | DW7: NA | DX7: NA | DY7: NA | DZ7: NA | EA7: NA | EB7: 55.566102 | EC7: NA | ED7: NA | EE7: NA | EF7: NA | EG7: NA | EH7: NA | EI7: NA | EJ7: 26.071153 | EK7: 29.5218 | EL7: NA | EM7: NA | EN7: NA | EO7: NA | EP7: NA | EQ7: 30 | ER7: 0 | ES7: 30 | ET7: 22.103173 | EU7: 0 | EV7: 22.103173 | EW7: 100 | EX7: 100 | EY7: 29.5218 | EZ7: NA | FA7: 29.5218 | FB7: 15.384615 | FC7: 75 | FD7: 130 | FE7: 40 | FF7: 0 | FG7: 0 | FH7: 0 | FI7: NA | FJ7: NA | FK7: 55.566102 | FL7: NA | FM7: NA | FN7: NA | FO7: NA | FP7: NA | FQ7: NA | FR7: 23.529412 | FS7: 94.117647 | FT7: 0 | FU7: 0
A8: BB17 | B8: Rebar | C8: UNBURNED | D8: 270 | E8: Yes | F8: 37.19995595500001 | G8: -122.25560555666668 | H8: 1 | I8: 2025-07-01 9:22 | J8: No | K8: SESE | L8: 1 | M8: 1 | N8: 0 | O8: 0 | P8: 123.68999 | Q8: 71.0622 | R8: 0.042253521 | S8: 0.95774648 | T8: 0.95774648 | U8: 0 | V8: 0 | W8: 0 | X8: 0 | Y8: 0.50704225 | Z8: 0 | AA8: 0.45070423 | AB8: 0.042253521 | AC8: 0.95774648 | AD8: 0.95774648 | AE8: 0 | AF8: 0 | AG8: NA | AH8: 15.752212 | AI8: 84.247788 | AJ8: 0.7325693 | AK8: 0.76538565 | AL8: 1.870056 | AM8: 1.2402332 | AN8: 3.8756748 | AO8: 12.654877 | AP8: 0 | AQ8: 12.654877 | AR8: 12.654877 | AS8: 16.530552 | AT8: 1.875 | AU8: 1.75 | AV8: 240 | AW8: 200 | AX8: 40 | AY8: 16.666667 | AZ8: 632.40337 | BA8: 626.75189 | BB8: 5.6514788 | BC8: 0.89365096 | BD8: 55.829999 | BE8: 60.884813 | BF8: 12.927877 | BG8: NA | BH8: 18.75 | BI8: 12.5 | BJ8: NA | BK8: NA | BL8: NA | BM8: NA | BN8: NA | BO8: NA | BP8: 0.7699982 | BQ8: 3.2693248 | BR8: NA | BS8: NA | BT8: NA | BU8: NA | BV8: NA | BW8: 0 | BX8: 160 | BY8: 80 | BZ8: 0 | CA8: 0 | CB8: 0 | CC8: 0 | CD8: 0 | CE8: 0 | CF8: 130 | CG8: 70 | CH8: 0 | CI8: 0 | CJ8: 0 | CK8: 0 | CL8: 0 | CM8: 0 | CN8: 30 | CO8: 10 | CP8: 0 | CQ8: 0 | CR8: 0 | CS8: 0 | CT8: 0 | CU8: 0 | CV8: 601.11557 | CW8: 31.287798 | CX8: 0 | CY8: 0 | CZ8: 0 | DA8: 0 | DB8: 0 | DC8: 0 | DD8: 596.48699 | DE8: 30.264898 | DF8: 0 | DG8: 0 | DH8: 0 | DI8: 0 | DJ8: 0 | DK8: 0 | DL8: 4.6285791 | DM8: 1.0228997 | DN8: 0 | DO8: 0 | DP8: 0 | DQ8: 0 | DR8: 0 | DS8: NA | DT8: 66.66458 | DU8: 21.508923 | DV8: NA | DW8: NA | DX8: NA | DY8: NA | DZ8: NA | EA8: NA | EB8: 73.672425 | EC8: 22.615008 | ED8: NA | EE8: NA | EF8: NA | EG8: NA | EH8: NA | EI8: NA | EJ8: 13.509503 | EK8: 11 | EL8: NA | EM8: NA | EN8: NA | EO8: NA | EP8: NA | EQ8: 80 | ER8: 70 | ES8: 10 | ET8: 31.287798 | EU8: 30.264898 | EV8: 1.0228997 | EW8: 12.5 | EX8: 3.2693248 | EY8: 21.508923 | EZ8: 22.615008 | FA8: 11 | FB8: 0 | FC8: 30.769231 | FD8: 110 | FE8: 130 | FF8: 0 | FG8: 0 | FH8: 0 | FI8: NA | FJ8: NA | FK8: 73.672425 | FL8: 22.615008 | FM8: NA | FN8: NA | FO8: NA | FP8: NA | FQ8: NA | FR8: 16.666667 | FS8: 87.5 | FT8: 0 | FU8: 0
A9: BB19 | B9: Stake | C9: UNBURNED | D9: 111 | E9: Yes | F9: 37.19932606333333 | G9: -122.24362967833333 | H9: 2 | I9: 2025-06-30 15:50 | J9: No | K9: SESE | L9: 0 | M9: 0 | N9: 0 | O9: 0.0099999998 | P9: 170.41 | Q9: 103.54121 | R9: 0.074074074 | S9: 0.92592593 | T9: 0.87407407 | U9: 0.051851852 | V9: 0 | W9: 0 | X9: 0.051851852 | Y9: 0.44444444 | Z9: 0 | AA9: 0.42962963 | AB9: 0.074074074 | AC9: 0.92592593 | AD9: 0.87407407 | AE9: 0.051851852 | AF9: 0 | AG9: NA | AH9: 12.798673 | AI9: 87.201327 | AJ9: 0.22911956 | AK9: 0.48854403 | AL9: 1.246704 | AM9: 3.7206996 | AN9: 5.4559476 | AO9: 209.19821 | AP9: 0 | AQ9: 209.19821 | AR9: 209.19821 | AS9: 214.65416 | AT9: 0.875 | AU9: 2.125 | AV9: 60 | AW9: 50 | AX9: 10 | AY9: 16.666667 | AZ9: 190.69869 | BA9: 187.6469 | BB9: 3.0517918 | BC9: 1.6003213 | BD9: 61.31608 | BE9: 66.628778 | BF9: 19 | BG9: NA | BH9: 25 | BI9: 0 | BJ9: NA | BK9: NA | BL9: NA | BM9: NA | BN9: NA | BO9: NA | BP9: 2.2810147 | BQ9: 0 | BR9: NA | BS9: NA | BT9: NA | BU9: NA | BV9: NA | BW9: 0 | BX9: 40 | BY9: 20 | BZ9: 0 | CA9: 0 | CB9: 0 | CC9: 0 | CD9: 0 | CE9: 0 | CF9: 30 | CG9: 20 | CH9: 0 | CI9: 0 | CJ9: 0 | CK9: 0 | CL9: 0 | CM9: 0 | CN9: 10 | CO9: 0 | CP9: 0 | CQ9: 0 | CR9: 0 | CS9: 0 | CT9: 0 | CU9: 0 | CV9: 133.79098 | CW9: 56.907717 | CX9: 0 | CY9: 0 | CZ9: 0 | DA9: 0 | DB9: 0 | DC9: 0 | DD9: 130.73918 | DE9: 56.907717 | DF9: 0 | DG9: 0 | DH9: 0 | DI9: 0 | DJ9: 0 | DK9: 0 | DL9: 3.0517918 | DM9: 0 | DN9: 0 | DO9: 0 | DP9: 0 | DQ9: 0 | DR9: 0 | DS9: NA | DT9: 62.901292 | DU9: 58.01586 | DV9: NA | DW9: NA | DX9: NA | DY9: NA | DZ9: NA | EA9: NA | EB9: 71.799002 | EC9: 58.01586 | ED9: NA | EE9: NA | EF9: NA | EG9: NA | EH9: NA | EI9: NA | EJ9: 19 | EK9: NA | EL9: NA | EM9: NA | EN9: NA | EO9: NA | EP9: NA | EQ9: 20 | ER9: 20 | ES9: 0 | ET9: 56.907717 | EU9: 56.907717 | EV9: 0 | EW9: 0 | EX9: 0 | EY9: 58.01586 | EZ9: 58.01586 | FA9: NA | FB9: 0 | FC9: 100 | FD9: 50 | FE9: 10 | FF9: 200 | FG9: 0 | FH9: 200 | FI9: 100 | FJ9: NA | FK9: 71.799002 | FL9: 58.01586 | FM9: NA | FN9: NA | FO9: NA | FP9: NA | FQ9: NA | FR9: 0 | FS9: 100 | FT9: 0 | FU9: 0
A10: BB20 | B10: Rebar | C10: UNBURNED | D10: 96 | E10: Yes | F10: 37.198767303333334 | G10: -122.25585183749999 | H10: 2 | I10: 2025-07-01 9:18 | J10: No | K10: SESE | L10: 0 | M10: 0 | N10: 0 | O10: 0 | P10: 130.92 | Q10: 70.15813 | R10: 0.038647343 | S10: 0.96135266 | T10: 0.92753623 | U10: 0.033816425 | V10: 0 | W10: 0.52173913 | X10: 0.033816425 | Y10: 0.4057971 | Z10: 0 | AA10: 0 | AB10: 0.038647343 | AC10: 0.96135266 | AD10: 0.92753623 | AE10: 0.033816425 | AF10: =_xlfn.XLOOKUP(A10, ceanothus_cover!$A:$A, ceanothus_cover!$D:$D, "") -> 0.88495575 | AG10: =_xlfn.XLOOKUP(A10, ceanothus_cover!$A:$A, ceanothus_cover!$E:$E, "") -> 0.35 | AH10: 31.261062 | AI10: 68.738938 | AJ10: 1.1349305 | AK10: 0.68396165 | AL10: 2.181732 | AM10: 1.2402332 | AN10: 4.1059268 | AO10: 14.069823 | AP10: 2.765527 | AQ10: 16.83535 | AR10: 16.83535 | AS10: 20.941277 | AT10: 1.125 | AU10: 0.875 | AV10: 170 | AW10: 140 | AX10: 30 | AY10: 17.647059 | AZ10: 107.22466 | BA10: 101.93382 | BB10: 5.2908433 | BC10: 4.9343529 | BD10: 27.314863 | BE10: 29.347511 | BF10: 14.443684 | BG10: 33.333333 | BH10: 0 | BI10: 20 | BJ10: NA | BK10: NA | BL10: NA | BM10: NA | BN10: NA | BO10: 5.9590144 | BP10: 0 | BQ10: 10.714877 | BR10: NA | BS10: NA | BT10: NA | BU10: NA | BV10: NA | BW10: 30 | BX10: 40 | BY10: 100 | BZ10: 0 | CA10: 0 | CB10: 0 | CC10: 0 | CD10: 0 | CE10: 20 | CF10: 40 | CG10: 80 | CH10: 0 | CI10: 0 | CJ10: 0 | CK10: 0 | CL10: 0 | CM10: 10 | CN10: 0 | CO10: 20 | CP10: 0 | CQ10: 0 | CR10: 0 | CS10: 0 | CT10: 0 | CU10: 28.204051 | CV10: 45.327647 | CW10: 33.692965 | CX10: 0 | CY10: 0 | CZ10: 0 | DA10: 0 | DB10: 0 | DC10: 26.523368 | DD10: 45.327647 | DE10: 30.082805 | DF10: 0 | DG10: 0 | DH10: 0 | DI10: 0 | DJ10: 0 | DK10: 1.6806835 | DL10: 0 | DM10: 3.6101598 | DN10: 0 | DO10: 0 | DP10: 0 | DQ10: 0 | DR10: 0 | DS10: 33.348113 | DT10: 36.612361 | DU10: 19.963917 | DV10: NA | DW10: NA | DX10: NA | DY10: NA | DZ10: NA | EA10: 39.607323 | EB10: 36.612361 | EC10: 21.090667 | ED10: NA | EE10: NA | EF10: NA | EG10: NA | EH10: NA | EI10: 14.1 | EJ10: NA | EK10: 14.612495 | EL10: NA | EM10: NA | EN10: NA | EO10: NA | EP10: NA | EQ10: 100 | ER10: 80 | ES10: 20 | ET10: 33.692965 | EU10: 30.082805 | EV10: 3.6101598 | EW10: 20 | EX10: 10.714877 | EY10: 19.963917 | EZ10: 21.090667 | FA10: 14.612495 | FB10: 0 | FC10: 23.076923 | FD10: 40 | FE10: 130 | FF10: 0 | FG10: 0 | FH10: 0 | FI10: NA | FJ10: 39.607323 | FK10: 36.612361 | FL10: 21.090667 | FM10: NA | FN10: NA | FO10: NA | FP10: NA | FQ10: NA | FR10: 5.8823529 | FS10: 94.117647 | FT10: 0 | FU10: 0
A11: BB21 | B11: Rebar | C11: UNBURNED | D11: 180 | E11: Yes | F11: 37.19647239700001 | G11: -122.25850220766667 | H11: 1 | I11: 2025-07-16 | J11: No | K11: SESE | L11: 0 | M11: 0 | N11: 0 | O11: 0 | P11: 141.81 | Q11: 79.864403 | R11: 0.048543689 | S11: 0.95145631 | T11: 0.95145631 | U11: 0 | V11: 0 | W11: 0 | X11: 0 | Y11: 0.11650485 | Z11: 0 | AA11: 0.83495146 | AB11: 0.048543689 | AC11: 0.95145631 | AD11: 0.95145631 | AE11: 0 | AF11: =_xlfn.XLOOKUP(A11, ceanothus_cover!$A:$A, ceanothus_cover!$D:$D, "") -> 9.7345133 | AG11: =_xlfn.XLOOKUP(A11, ceanothus_cover!$A:$A, ceanothus_cover!$E:$E, "") -> 1.7315523 | AH11: 17.433628 | AI11: 82.566372 | AJ11: 1.8621249 | AK11: 0.86309446 | AL11: 3.1167599 | AM11: 0 | AN11: 3.9798544 | AO11: 2.7369445 | AP11: 0 | AQ11: 2.7369445 | AR11: 2.7369445 | AS11: 6.7167989 | AT11: 1.75 | AU11: 1.25 | AV11: 170 | AW11: 110 | AX11: 60 | AY11: 35.294118 | AZ11: 302.29325 | BA11: 291.68164 | BB11: 10.611613 | BC11: 3.5103704 | BD11: 45.863365 | BE11: 56.005974 | BF11: 14.464093 | BG11: NA | BH11: 31.25 | BI11: 100 | BJ11: NA | BK11: NA | BL11: NA | BM11: NA | BN11: NA | BO11: NA | BP11: 3.2397776 | BQ11: 100 | BR11: NA | BS11: NA | BT11: NA | BU11: NA | BV11: NA | BW11: 0 | BX11: 160 | BY11: 10 | BZ11: 0 | CA11: 0 | CB11: 0 | CC11: 0 | CD11: 0 | CE11: 0 | CF11: 110 | CG11: 0 | CH11: 0 | CI11: 0 | CJ11: 0 | CK11: 0 | CL11: 0 | CM11: 0 | CN11: 50 | CO11: 10 | CP11: 0 | CQ11: 0 | CR11: 0 | CS11: 0 | CT11: 0 | CU11: 0 | CV11: 301.44788 | CW11: 0.84537169 | CX11: 0 | CY11: 0 | CZ11: 0 | DA11: 0 | DB11: 0 | DC11: 0 | DD11: 291.68164 | DE11: 0 | DF11: 0 | DG11: 0 | DH11: 0 | DI11: 0 | DJ11: 0 | DK11: 0 | DL11: 9.766241 | DM11: 0.84537169 | DN11: 0 | DO11: 0 | DP11: 0 | DQ11: 0 | DR11: 0 | DS11: NA | DT11: 47.208725 | DU11: 10 | DV11: NA | DW11: NA | DX11: NA | DY11: NA | DZ11: NA | EA11: NA | EB11: 56.005974 | EC11: NA | ED11: NA | EE11: NA | EF11: NA | EG11: NA | EH11: NA | EI11: NA | EJ11: 15.200395 | EK11: 10 | EL11: NA | EM11: NA | EN11: NA | EO11: NA | EP11: NA | EQ11: 10 | ER11: 0 | ES11: 10 | ET11: 0.84537169 | EU11: 0 | EV11: 0.84537169 | EW11: 100 | EX11: 100 | EY11: 10 | EZ11: NA | FA11: 10 | FB11: 0 | FC11: 60 | FD11: 70 | FE11: 100 | FF11: 300 | FG11: 300 | FH11: 0 | FI11: 0 | FJ11: NA | FK11: 56.005974 | FL11: NA | FM11: NA | FN11: NA | FO11: NA | FP11: NA | FQ11: NA | FR11: 58.823529 | FS11: 100 | FT11: 0 | FU11: 0
A12: BB22 | B12: Stake | C12: UNBURNED | D12: 92 | E12: No | F12: 37.197801104999996 | G12: -122.25027157499999 | H12: 1 | I12: 2025-07-02 16:15 | J12: No | K12: SESE | L12: 0 | M12: 0 | N12: 0 | O12: 0 | P12: 160.23 | Q12: 102.9746 | R12: 0.17829457 | S12: 0.82170543 | T12: 0.82170543 | U12: 0 | V12: 0 | W12: 0 | X12: 0 | Y12: 0.60465116 | Z12: 0 | AA12: 0.21705426 | AB12: 0.17829457 | AC12: 0.82170543 | AD12: 0.82170543 | AE12: 0 | AF12: 0 | AG12: NA | AH12: 16.59292 | AI12: 83.40708 | AJ12: 1.083536 | AK12: 0.79795525 | AL12: 3.1167599 | AM12: 0 | AN12: 3.9147152 | AO12: 38.564429 | AP12: 26.182505 | AQ12: 64.746934 | AR12: 64.746934 | AS12: 68.661649 | AT12: 2.125 | AU12: 2.125 | AV12: 100 | AW12: 90 | AX12: 10 | AY12: 10 | AZ12: 315.88826 | BA12: 303.03016 | BB12: 12.858103 | BC12: 4.0704594 | BD12: 61.128381 | BE12: 63.109948 | BF12: 39 | BG12: NA | BH12: 16.666667 | BI12: 0 | BJ12: NA | BK12: NA | BL12: NA | BM12: NA | BN12: NA | BO12: NA | BP12: 6.7947954 | BQ12: 0 | BR12: NA | BS12: NA | BT12: NA | BU12: NA | BV12: NA | BW12: 0 | BX12: 60 | BY12: 40 | BZ12: 0 | CA12: 0 | CB12: 0 | CC12: 0 | CD12: 0 | CE12: 0 | CF12: 50 | CG12: 40 | CH12: 0 | CI12: 0 | CJ12: 0 | CK12: 0 | CL12: 0 | CM12: 0 | CN12: 10 | CO12: 0 | CP12: 0 | CQ12: 0 | CR12: 0 | CS12: 0 | CT12: 0 | CU12: 0 | CV12: 189.23459 | CW12: 126.65367 | CX12: 0 | CY12: 0 | CZ12: 0 | DA12: 0 | DB12: 0 | DC12: 0 | DD12: 176.37649 | DE12: 126.65367 | DF12: 0 | DG12: 0 | DH12: 0 | DI12: 0 | DJ12: 0 | DK12: 0 | DL12: 12.858103 | DM12: 0 | DN12: 0 | DO12: 0 | DP12: 0 | DQ12: 0 | DR12: 0 | DS12: NA | DT12: 61.080248 | DU12: 61.200511 | DV12: NA | DW12: NA | DX12: NA | DY12: NA | DZ12: NA | EA12: NA | EB12: 64.596873 | EC12: 61.200511 | ED12: NA | EE12: NA | EF12: NA | EG12: NA | EH12: NA | EI12: NA | EJ12: 39 | EK12: NA | EL12: NA | EM12: NA | EN12: NA | EO12: NA | EP12: NA | EQ12: 40 | ER12: 40 | ES12: 0 | ET12: 126.65367 | EU12: 126.65367 | EV12: 0 | EW12: 0 | EX12: 0 | EY12: 61.200511 | EZ12: 61.200511 | FA12: NA | FB12: 11.111111 | FC12: 0 | FD12: 90 | FE12: 10 | FF12: 0 | FG12: 0 | FH12: 0 | FI12: NA | FJ12: NA | FK12: 64.596873 | FL12: 61.200511 | FM12: NA | FN12: NA | FO12: NA | FP12: NA | FQ12: NA | FR12: 10 | FS12: 100 | FT12: 0 | FU12: 0
A13: BB23 | B13: Rebar | C13: UNBURNED | D13: 108 | E13: Yes | F13: 37.19763300470956 | G13: -122.24350928950734 | H13: 1 | I13: 2025-06-30 12:00 | J13: No | K13: SESE | L13: 0 | M13: 0 | N13: 0 | O13: 14.25 | P13: 157.53999 | Q13: 89.98203 | R13: 0.0086206897 | S13: 0.99137931 | T13: 0.93103448 | U13: 0.060344828 | V13: 0 | W13: 0 | X13: 0.060344828 | Y13: 0.80172414 | Z13: 0 | AA13: 0.12931034 | AB13: 0.0086206897 | AC13: 0.99137931 | AD13: 0.93103448 | AE13: 0.060344828 | AF13: 0 | AG13: NA | AH13: 7.920354 | AI13: 92.079646 | AJ13: 0.53167567 | AK13: 0.81424006 | AL13: 1.870056 | AM13: 4.9609328 | AN13: 7.6452288 | AO13: 39.819226 | AP13: 0 | AQ13: 39.819226 | AR13: 39.819226 | AS13: 47.464454 | AT13: 0.8125 | AU13: 1.0625 | AV13: 150 | AW13: 130 | AX13: 20 | AY13: 13.333333 | AZ13: 73.150942 | BA13: 65.080601 | BB13: 8.0703408 | BC13: 11.03245 | BD13: 24.018201 | BE13: 24.334938 | BF13: 21.847769 | BG13: NA | BH13: 0 | BI13: 28.571429 | BJ13: NA | BK13: NA | BL13: NA | BM13: NA | BN13: NA | BO13: NA | BP13: 0 | BQ13: 23.652432 | BR13: NA | BS13: NA | BT13: NA | BU13: NA | BV13: NA | BW13: 0 | BX13: 80 | BY13: 70 | BZ13: 0 | CA13: 0 | CB13: 0 | CC13: 0 | CD13: 0 | CE13: 0 | CF13: 80 | CG13: 50 | CH13: 0 | CI13: 0 | CJ13: 0 | CK13: 0 | CL13: 0 | CM13: 0 | CN13: 0 | CO13: 20 | CP13: 0 | CQ13: 0 | CR13: 0 | CS13: 0 | CT13: 0 | CU13: 0 | CV13: 39.030388 | CW13: 34.120554 | CX13: 0 | CY13: 0 | CZ13: 0 | DA13: 0 | DB13: 0 | DC13: 0 | DD13: 39.030388 | DE13: 26.050213 | DF13: 0 | DG13: 0 | DH13: 0 | DI13: 0 | DJ13: 0 | DK13: 0 | DL13: 0 | DM13: 8.0703408 | DN13: 0 | DO13: 0 | DP13: 0 | DQ13: 0 | DR13: 0 | DS13: NA | DT13: 24.023296 | DU13: 24.012378 | DV13: NA | DW13: NA | DX13: NA | DY13: NA | DZ13: NA | EA13: NA | EB13: 24.023296 | EC13: 24.825431 | ED13: NA | EE13: NA | EF13: NA | EG13: NA | EH13: NA | EI13: NA | EJ13: NA | EK13: 21.847769 | EL13: NA | EM13: NA | EN13: NA | EO13: NA | EP13: NA | EQ13: 70 | ER13: 50 | ES13: 20 | ET13: 34.120554 | EU13: 26.050213 | EV13: 8.0703408 | EW13: 28.571429 | EX13: 23.652432 | EY13: 24.012378 | EZ13: 24.825431 | FA13: 21.847769 | FB13: 0 | FC13: 16.666667 | FD13: 30 | FE13: 120 | FF13: 0 | FG13: 0 | FH13: 0 | FI13: NA | FJ13: NA | FK13: 24.023296 | FL13: 24.825431 | FM13: NA | FN13: NA | FO13: NA | FP13: NA | FQ13: NA | FR13: 20 | FS13: 80 | FT13: 0 | FU13: 0
A14: BB24 | B14: Rebar | C14: UNBURNED | D14: 330 | E14: Yes | F14: 37.19304841833333 | G14: -122.24526802666666 | H14: 2 | I14: 2025-07-15 09:28 | J14: No | K14: SESE | L14: 0 | M14: 0 | N14: 0 | O14: 0.15000001 | P14: 136.35001 | Q14: 55.184872 | R14: 0.13333333 | S14: 0.86666667 | T14: 0.8 | U14: 0.066666667 | V14: 0 | W14: 0 | X14: 0 | Y14: 0 | Z14: 0.066666667 | AA14: 0.8 | AB14: 0.13333333 | AC14: 0.86666667 | AD14: 0.8 | AE14: 0.066666667 | AF14: =_xlfn.XLOOKUP(A14, ceanothus_cover!$A:$A, ceanothus_cover!$D:$D, "") -> 16.526549 | AG14: =_xlfn.XLOOKUP(A14, ceanothus_cover!$A:$A, ceanothus_cover!$E:$E, "") -> 1.5955357 | AH14: 16.526549 | AI14: 83.473451 | AJ14: 1.5955357 | AK14: 0.47225923 | AL14: 0.31167599 | AM14: 0 | AN14: 0.78393523 | AO14: 0 | AP14: 0 | AQ14: 0 | AR14: 0 | AS14: 0.78393523 | AT14: 2.375 | AU14: 1.5 | AV14: 170 | AW14: 150 | AX14: 20 | AY14: 11.764706 | AZ14: 263.01906 | BA14: 227.67407 | BB14: 35.34499 | BC14: 13.438186 | BD14: 42.780445 | BE14: 42.372814 | BF14: 45.721986 | BG14: 0 | BH14: 12.5 | BI14: NA | BJ14: NA | BK14: NA | BL14: NA | BM14: NA | BN14: NA | BO14: 0 | BP14: 13.589293 | BQ14: NA | BR14: NA | BS14: NA | BT14: NA | BU14: NA | BV14: NA | BW14: 10 | BX14: 160 | BY14: 0 | BZ14: 0 | CA14: 0 | CB14: 0 | CC14: 0 | CD14: 0 | CE14: 10 | CF14: 140 | CG14: 0 | CH14: 0 | CI14: 0 | CJ14: 0 | CK14: 0 | CL14: 0 | CM14: 0 | CN14: 20 | CO14: 0 | CP14: 0 | CQ14: 0 | CR14: 0 | CS14: 0 | CT14: 0 | CU14: 2.9246479 | CV14: 260.09441 | CW14: 0 | CX14: 0 | CY14: 0 | CZ14: 0 | DA14: 0 | DB14: 0 | DC14: 2.9246479 | DD14: 224.74942 | DE14: 0 | DF14: 0 | DG14: 0 | DH14: 0 | DI14: 0 | DJ14: 0 | DK14: 0 | DL14: 35.34499 | DM14: 0 | DN14: 0 | DO14: 0 | DP14: 0 | DQ14: 0 | DR14: 0 | DS14: 18.6 | DT14: 43.851219 | DU14: NA | DV14: NA | DW14: NA | DX14: NA | DY14: NA | DZ14: NA | EA14: 18.6 | EB14: 43.577411 | EC14: NA | ED14: NA | EE14: NA | EF14: NA | EG14: NA | EH14: NA | EI14: NA | EJ14: 45.721986 | EK14: NA | EL14: NA | EM14: NA | EN14: NA | EO14: NA | EP14: NA | EQ14: 0 | ER14: 0 | ES14: 0 | ET14: 0 | EU14: 0 | EV14: 0 | EW14: NA | EX14: NA | EY14: NA | EZ14: NA | FA14: NA | FB14: 14.285714 | FC14: 10 | FD14: 70 | FE14: 100 | FF14: 300 | FG14: 300 | FH14: 0 | FI14: 0 | FJ14: 18.6 | FK14: 43.577411 | FL14: NA | FM14: NA | FN14: NA | FO14: NA | FP14: NA | FQ14: NA | FR14: 47.058824 | FS14: 94.117647 | FT14: 0 | FU14: 0
A15: BB25 | B15: Rebar | C15: UNBURNED | D15: 530 | E15: Yes | F15: 37.20387077516666 | G15: -122.25198882049999 | H15: 1 | I15: 2025-07-03 13:32 | J15: No | K15: SESE | L15: 0 | M15: 0 | N15: 0 | O15: 0 | P15: 87.529999 | Q15: 53.73285 | R15: 0.89090909 | S15: 0.10909091 | T15: 0.10909091 | U15: 0 | V15: 0 | W15: 0 | X15: 0 | Y15: 0.10909091 | Z15: 0 | AA15: 0 | AB15: 0.89090909 | AC15: 0.10909091 | AD15: 0.10909091 | AE15: 0 | AF15: =_xlfn.XLOOKUP(A15, ceanothus_cover!$A:$A, ceanothus_cover!$D:$D, "") -> 92.477876 | AG15: =_xlfn.XLOOKUP(A15, ceanothus_cover!$A:$A, ceanothus_cover!$E:$E, "") -> 2.952381 | AH15: 98.672566 | AI15: 1.3274336 | AJ15: 2.9090909 | AK15: 1.5307713 | AL15: 2.493408 | AM15: 1.2402332 | AN15: 5.2644125 | AO15: 19.658697 | AP15: 0 | AQ15: 19.658697 | AR15: 19.658697 | AS15: 24.92311 | AT15: 5.875 | AU15: 0.75 | AV15: 90 | AW15: 0 | AX15: 90 | AY15: 100 | AZ15: 83.585619 | BA15: 0 | BB15: 83.585619 | BC15: 100 | BD15: 33.145202 | BE15: NA | BF15: 33.145202 | BG15: NA | BH15: 100 | BI15: 100 | BJ15: 100 | BK15: NA | BL15: NA | BM15: NA | BN15: NA | BO15: NA | BP15: 100 | BQ15: 100 | BR15: 100 | BS15: NA | BT15: NA | BU15: NA | BV15: NA | BW15: 0 | BX15: 20 | BY15: 60 | BZ15: 10 | CA15: 0 | CB15: 0 | CC15: 0 | CD15: 0 | CE15: 0 | CF15: 0 | CG15: 0 | CH15: 0 | CI15: 0 | CJ15: 0 | CK15: 0 | CL15: 0 | CM15: 0 | CN15: 20 | CO15: 60 | CP15: 10 | CQ15: 0 | CR15: 0 | CS15: 0 | CT15: 0 | CU15: 0 | CV15: 25.353881 | CW15: 44.296969 | CX15: 13.934769 | CY15: 0 | CZ15: 0 | DA15: 0 | DB15: 0 | DC15: 0 | DD15: 0 | DE15: 0 | DF15: 0 | DG15: 0 | DH15: 0 | DI15: 0 | DJ15: 0 | DK15: 0 | DL15: 25.353881 | DM15: 44.296969 | DN15: 13.934769 | DO15: 0 | DP15: 0 | DQ15: 0 | DR15: 0 | DS15: NA | DT15: 38.724282 | DU15: 29.552044 | DV15: 40.6 | DW15: NA | DX15: NA | DY15: NA | DZ15: NA | EA15: NA | EB15: NA | EC15: NA | ED15: NA | EE15: NA | EF15: NA | EG15: NA | EH15: NA | EI15: NA | EJ15: 38.724282 | EK15: 29.552044 | EL15: 40.6 | EM15: NA | EN15: NA | EO15: NA | EP15: NA | EQ15: 70 | ER15: 0 | ES15: 70 | ET15: 58.231738 | EU15: 0 | EV15: 58.231738 | EW15: 100 | EX15: 100 | EY15: 31.369457 | EZ15: NA | FA15: 31.369457 | FB15: 100 | FC15: 100 | FD15: 50 | FE15: 40 | FF15: 0 | FG15: 0 | FH15: 0 | FI15: NA | FJ15: NA | FK15: NA | FL15: NA | FM15: NA | FN15: NA | FO15: NA | FP15: NA | FQ15: NA | FR15: 11.111111 | FS15: 11.111111 | FT15: 0 | FU15: 0
A16: BB26 | B16: Rebar | C16: UNBURNED | D16: 438 | E16: Yes | F16: 37.19581897 | G16: -122.25043165333334 | H16: 1 | I16: 2025-07-02 10:55 | J16: No | K16: SESE | L16: 61 | M16: 2 | N16: 0 | O16: 0 | P16: 123.11 | Q16: 68.281679 | R16: 0.42391304 | S16: 0.57608696 | T16: 0.34782609 | U16: 0.22826087 | V16: 0 | W16: 0 | X16: 0.22826087 | Y16: 0.26086957 | Z16: 0 | AA16: 0.086956522 | AB16: 0.42391304 | AC16: 0.57608696 | AD16: 0.34782609 | AE16: 0.22826087 | AF16: =_xlfn.XLOOKUP(A16, ceanothus_cover!$A:$A, ceanothus_cover!$D:$D, "") -> 33.849558 | AG16: =_xlfn.XLOOKUP(A16, ceanothus_cover!$A:$A, ceanothus_cover!$E:$E, "") -> 4.0423729 | AH16: 54.756637 | AI16: 45.243363 | AJ16: 3.3610909 | AK16: 0.52111364 | AL16: 2.181732 | AM16: 6.201166 | AN16: 8.9040116 | AO16: 64.168955 | AP16: 0 | AQ16: 64.168955 | AR16: 64.168955 | AS16: 73.072966 | AT16: 2.5 | AU16: 3.75 | AV16: 70 | AW16: 0 | AX16: 70 | AY16: 100 | AZ16: 146.39344 | BA16: 0 | BB16: 146.39344 | BC16: 100 | BD16: 49.737956 | BE16: NA | BF16: 49.737956 | BG16: NA | BH16: NA | BI16: 100 | BJ16: NA | BK16: NA | BL16: NA | BM16: NA | BN16: NA | BO16: NA | BP16: NA | BQ16: 100 | BR16: NA | BS16: NA | BT16: NA | BU16: NA | BV16: NA | BW16: 0 | BX16: 0 | BY16: 70 | BZ16: 0 | CA16: 0 | CB16: 0 | CC16: 0 | CD16: 0 | CE16: 0 | CF16: 0 | CG16: 0 | CH16: 0 | CI16: 0 | CJ16: 0 | CK16: 0 | CL16: 0 | CM16: 0 | CN16: 0 | CO16: 70 | CP16: 0 | CQ16: 0 | CR16: 0 | CS16: 0 | CT16: 0 | CU16: 0 | CV16: 0 | CW16: 146.39344 | CX16: 0 | CY16: 0 | CZ16: 0 | DA16: 0 | DB16: 0 | DC16: 0 | DD16: 0 | DE16: 0 | DF16: 0 | DG16: 0 | DH16: 0 | DI16: 0 | DJ16: 0 | DK16: 0 | DL16: 0 | DM16: 146.39344 | DN16: 0 | DO16: 0 | DP16: 0 | DQ16: 0 | DR16: 0 | DS16: NA | DT16: NA | DU16: 49.737956 | DV16: NA | DW16: NA | DX16: NA | DY16: NA | DZ16: NA | EA16: NA | EB16: NA | EC16: NA | ED16: NA | EE16: NA | EF16: NA | EG16: NA | EH16: NA | EI16: NA | EJ16: NA | EK16: 49.737956 | EL16: NA | EM16: NA | EN16: NA | EO16: NA | EP16: NA | EQ16: 70 | ER16: 0 | ES16: 70 | ET16: 146.39344 | EU16: 0 | EV16: 146.39344 | EW16: 100 | EX16: 100 | EY16: 49.737956 | EZ16: NA | FA16: 49.737956 | FB16: 100 | FC16: 100 | FD16: 60 | FE16: 10 | FF16: 400 | FG16: 400 | FH16: 0 | FI16: 0 | FJ16: NA | FK16: NA | FL16: NA | FM16: NA | FN16: NA | FO16: NA | FP16: NA | FQ16: NA | FR16: 0 | FS16: 85.714286 | FT16: 0 | FU16: 0
A17: BB27 | B17: Rebar | C17: UNBURNED | D17: 260 | E17: Yes | F17: 37.20613923833333 | G17: -122.24435374833335 | H17: 2 | I17: 2025-07-03 10:48 | J17: No | K17: SESE | L17: 0 | M17: 0 | N17: 0 | O17: 33.77 | P17: 117.57 | Q17: 90.577244 | R17: 0.15151515 | S17: 0.84848485 | T17: 0.70707071 | U17: 0.14141414 | V17: 0 | W17: 0.080808081 | X17: 0.14141414 | Y17: 0 | Z17: 0 | AA17: 0.62626263 | AB17: 0.15151515 | AC17: 0.84848485 | AD17: 0.70707071 | AE17: 0.14141414 | AF17: =_xlfn.XLOOKUP(A17, ceanothus_cover!$A:$A, ceanothus_cover!$D:$D, "") -> 50.221239 | AG17: =_xlfn.XLOOKUP(A17, ceanothus_cover!$A:$A, ceanothus_cover!$E:$E, "") -> 3 | AH17: 50.995575 | AI17: 49.004425 | AJ17: 2.9633891 | AK17: 0.87937926 | AL17: 8.1035759 | AM17: 11.162099 | AN17: 20.145054 | AO17: 7.8765701 | AP17: 0 | AQ17: 7.8765701 | AR17: 7.8765701 | AS17: 28.021624 | AT17: 2.375 | AU17: 2.25 | AV17: 190 | AW17: 150 | AX17: 40 | AY17: 21.052632 | AZ17: 540.37452 | BA17: 489.79103 | BB17: 50.583491 | BC17: 9.360821 | BD17: 58.002509 | BE17: 62.149256 | BF17: 38.676802 | BG17: 0 | BH17: 21.428571 | BI17: 50 | BJ17: NA | BK17: NA | BL17: NA | BM17: NA | BN17: NA | BO17: 0 | BP17: 4.5586178 | BQ17: 50.48153 | BR17: NA | BS17: NA | BT17: NA | BU17: NA | BV17: NA | BW17: 30 | BX17: 140 | BY17: 20 | BZ17: 0 | CA17: 0 | CB17: 0 | CC17: 0 | CD17: 0 | CE17: 30 | CF17: 110 | CG17: 10 | CH17: 0 | CI17: 0 | CJ17: 0 | CK17: 0 | CL17: 0 | CM17: 0 | CN17: 30 | CO17: 10 | CP17: 0 | CQ17: 0 | CR17: 0 | CS17: 0 | CT17: 0 | CU17: 91.840335 | CV17: 382.91001 | CW17: 65.624175 | CX17: 0 | CY17: 0 | CZ17: 0 | DA17: 0 | DB17: 0 | DC17: 91.840335 | DD17: 365.4546 | DE17: 32.496088 | DF17: 0 | DG17: 0 | DH17: 0 | DI17: 0 | DJ17: 0 | DK17: 0 | DL17: 17.455404 | DM17: 33.128088 | DN17: 0 | DO17: 0 | DP17: 0 | DQ17: 0 | DR17: 0 | DS17: 60.177238 | DT17: 56.880118 | DU17: 62.300722 | DV17: NA | DW17: NA | DX17: NA | DY17: NA | DZ17: NA | EA17: 60.177238 | EB17: 62.689748 | EC17: 62 | ED17: NA | EE17: NA | EF17: NA | EG17: NA | EH17: NA | EI17: NA | EJ17: 26.234964 | EK17: 62.6 | EL17: NA | EM17: NA | EN17: NA | EO17: NA | EP17: NA | EQ17: 20 | ER17: 10 | ES17: 10 | ET17: 65.624175 | EU17: 32.496088 | EV17: 33.128088 | EW17: 50 | EX17: 50.48153 | EY17: 62.300722 | EZ17: 62 | FA17: 62.6 | FB17: 6.25 | FC17: 100 | FD17: 160 | FE17: 30 | FF17: 100 | FG17: 0 | FH17: 100 | FI17: 100 | FJ17: 60.177238 | FK17: 62.689748 | FL17: 62 | FM17: NA | FN17: NA | FO17: NA | FP17: NA | FQ17: NA | FR17: 10.526316 | FS17: 94.736842 | FT17: 0 | FU17: 0
A18: BB28 | B18: Rebar | C18: UNBURNED | D18: 276 | E18: Yes | F18: 37.19534028566666 | G18: -122.25038911600002 | H18: 2 | I18: 2025-07-02 09:02 | J18: No | K18: SESE | L18: 19 | M18: 0 | N18: 0 | O18: 0 | P18: 135.86 | Q18: 73.14736 | R18: 0.65625 | S18: 0.34375 | T18: 0.25 | U18: 0.09375 | V18: 0 | W18: 0 | X18: 0 | Y18: 0.09375 | Z18: 0.09375 | AA18: 0.15625 | AB18: 0.65625 | AC18: 0.34375 | AD18: 0.25 | AE18: 0.09375 | AF18: =_xlfn.XLOOKUP(A18, ceanothus_cover!$A:$A, ceanothus_cover!$D:$D, "") -> 17.212389 | AG18: =_xlfn.XLOOKUP(A18, ceanothus_cover!$A:$A, ceanothus_cover!$E:$E, "") -> 1.4832121 | AH18: 27.278761 | AI18: 72.721239 | AJ18: 1.4017768 | AK18: 0.71653125 | AL18: 0.62335199 | AM18: 7.4413992 | AN18: 8.7812824 | AO18: 79.420264 | AP18: 0 | AQ18: 79.420264 | AR18: 79.420264 | AS18: 88.201546 | AT18: 4.375 | AU18: 4.3125 | AV18: 150 | AW18: 20 | AX18: 130 | AY18: 86.666667 | AZ18: 307.98429 | BA18: 106.64609 | BB18: 201.3382 | BC18: 65.37288 | BD18: 49.282735 | BE18: 79.420684 | BF18: 42.802345 | BG18: NA | BH18: 50 | BI18: 100 | BJ18: NA | BK18: NA | BL18: NA | BM18: NA | BN18: NA | BO18: NA | BP18: 4.6825014 | BQ18: 100 | BR18: NA | BS18: NA | BT18: NA | BU18: NA | BV18: NA | BW18: 0 | BX18: 40 | BY18: 110 | BZ18: 0 | CA18: 0 | CB18: 0 | CC18: 0 | CD18: 0 | CE18: 0 | CF18: 20 | CG18: 0 | CH18: 0 | CI18: 0 | CJ18: 0 | CK18: 0 | CL18: 0 | CM18: 0 | CN18: 20 | CO18: 110 | CP18: 0 | CQ18: 0 | CR18: 0 | CS18: 0 | CT18: 0 | CU18: 0 | CV18: 111.88511 | CW18: 196.09918 | CX18: 0 | CY18: 0 | CZ18: 0 | DA18: 0 | DB18: 0 | DC18: 0 | DD18: 106.64609 | DE18: 0 | DF18: 0 | DG18: 0 | DH18: 0 | DI18: 0 | DJ18: 0 | DK18: 0 | DL18: 5.239022 | DM18: 196.09918 | DN18: 0 | DO18: 0 | DP18: 0 | DQ18: 0 | DR18: 0 | DS18: NA | DT18: 57.521778 | DU18: 45.921672 | DV18: NA | DW18: NA | DX18: NA | DY18: NA | DZ18: NA | EA18: NA | EB18: 79.420684 | EC18: NA | ED18: NA | EE18: NA | EF18: NA | EG18: NA | EH18: NA | EI18: NA | EJ18: 17.602983 | EK18: 45.921672 | EL18: NA | EM18: NA | EN18: NA | EO18: NA | EP18: NA | EQ18: 110 | ER18: 0 | ES18: 110 | ET18: 196.09918 | EU18: 0 | EV18: 196.09918 | EW18: 100 | EX18: 100 | EY18: 45.921672 | EZ18: NA | FA18: 45.921672 | FB18: 81.818182 | FC18: 100 | FD18: 110 | FE18: 40 | FF18: 0 | FG18: 0 | FH18: 0 | FI18: NA | FJ18: NA | FK18: 79.420684 | FL18: NA | FM18: NA | FN18: NA | FO18: NA | FP18: NA | FQ18: NA | FR18: 13.333333 | FS18: 93.333333 | FT18: 0 | FU18: 0
A19: BB29 | B19: Rebar | C19: UNBURNED | D19: 334 | E19: Yes | F19: 37.201001228333325 | G19: -122.25592759166666 | H19: 2 | I19: 2025-07-16 14:44 | J19: No | K19: SESE | L19: 0 | M19: 3 | N19: 0 | O19: 0.02 | P19: 129.86 | Q19: 71.991128 | R19: 0.32467532 | S19: 0.67532468 | T19: 0.5974026 | U19: 0.077922078 | V19: 0 | W19: 0 | X19: 0 | Y19: 0 | Z19: 0.077922078 | AA19: 0.5974026 | AB19: 0.32467532 | AC19: 0.67532468 | AD19: 0.5974026 | AE19: 0.077922078 | AF19: =_xlfn.XLOOKUP(A19, ceanothus_cover!$A:$A, ceanothus_cover!$D:$D, "") -> 25.995575 | AG19: =_xlfn.XLOOKUP(A19, ceanothus_cover!$A:$A, ceanothus_cover!$E:$E, "") -> 3 | AH19: 56.19469 | AI19: 43.80531 | AJ19: 2.2972441 | AK19: 0.61882244 | AL19: 1.55838 | AM19: 1.2402332 | AN19: 3.4174356 | AO19: 18.524122 | AP19: 0 | AQ19: 18.524122 | AR19: 18.524122 | AS19: 21.941558 | AT19: 3.125 | AU19: 0.8125 | AV19: 160 | AW19: 130 | AX19: 30 | AY19: 18.75 | AZ19: 425.03995 | BA19: 396.13957 | BB19: 28.900384 | BC19: 6.7994511 | BD19: 56.057153 | BE19: 60.038328 | BF19: 33.757271 | BG19: NA | BH19: 7.1428571 | BI19: 100 | BJ19: NA | BK19: NA | BL19: NA | BM19: NA | BN19: NA | BO19: NA | BP19: 4.7798243 | BQ19: 100 | BR19: NA | BS19: NA | BT19: NA | BU19: NA | BV19: NA | BW19: 0 | BX19: 140 | BY19: 20 | BZ19: 0 | CA19: 0 | CB19: 0 | CC19: 0 | CD19: 0 | CE19: 0 | CF19: 130 | CG19: 0 | CH19: 0 | CI19: 0 | CJ19: 0 | CK19: 0 | CL19: 0 | CM19: 0 | CN19: 10 | CO19: 20 | CP19: 0 | CQ19: 0 | CR19: 0 | CS19: 0 | CT19: 0 | CU19: 0 | CV19: 416.02482 | CW19: 9.0151282 | CX19: 0 | CY19: 0 | CZ19: 0 | DA19: 0 | DB19: 0 | DC19: 0 | DD19: 396.13957 | DE19: 0 | DF19: 0 | DG19: 0 | DH19: 0 | DI19: 0 | DJ19: 0 | DK19: 0 | DL19: 19.885256 | DM19: 9.0151282 | DN19: 0 | DO19: 0 | DP19: 0 | DQ19: 0 | DR19: 0 | DS19: NA | DT19: 59.288676 | DU19: 23.091232 | DV19: NA | DW19: NA | DX19: NA | DY19: NA | DZ19: NA | EA19: NA | EB19: 60.038328 | EC19: NA | ED19: NA | EE19: NA | EF19: NA | EG19: NA | EH19: NA | EI19: NA | EJ19: 48.5 | EK19: 23.091232 | EL19: NA | EM19: NA | EN19: NA | EO19: NA | EP19: NA | EQ19: 20 | ER19: 0 | ES19: 20 | ET19: 9.0151282 | EU19: 0 | EV19: 9.0151282 | EW19: 100 | EX19: 100 | EY19: 23.091232 | EZ19: NA | FA19: 23.091232 | FB19: 9.0909091 | FC19: 40 | FD19: 110 | FE19: 50 | FF19: 100 | FG19: 100 | FH19: 0 | FI19: 0 | FJ19: NA | FK19: 60.038328 | FL19: NA | FM19: NA | FN19: NA | FO19: NA | FP19: NA | FQ19: NA | FR19: 68.75 | FS19: 81.25 | FT19: 0 | FU19: 0
A20: BB3 | B20: Rebar | C20: UNBURNED | D20: 697 | E20: Yes | F20: 37.20109218533333 | G20: -122.25650606416666 | H20: 2 | I20: 2025-07-01 13:35 | J20: No | K20: SESE | L20: 0 | M20: 0 | N20: 0 | O20: 0 | P20: 125.68999 | Q20: 41.943653 | R20: 0.73333333 | S20: 0.26666667 | T20: 0.26666667 | U20: 0 | V20: 0 | W20: 0 | X20: 0 | Y20: 0.1 | Z20: 0 | AA20: 0.16666667 | AB20: 0.73333333 | AC20: 0.26666667 | AD20: 0.26666667 | AE20: 0 | AF20: =_xlfn.XLOOKUP(A20, ceanothus_cover!$A:$A, ceanothus_cover!$D:$D, "") -> 92.920354 | AG20: =_xlfn.XLOOKUP(A20, ceanothus_cover!$A:$A, ceanothus_cover!$E:$E, "") -> 3.5 | AH20: 92.920354 | AI20: 7.079646 | AJ20: 3.5 | AK20: 1.3027841 | AL20: 4.6751399 | AM20: 0 | AN20: 5.977924 | AO20: 84.438577 | AP20: 0 | AQ20: 84.438577 | AR20: 84.438577 | AS20: 90.416501 | AT20: 2 | AU20: 1.875 | AV20: 60 | AW20: 30 | AX20: 30 | AY20: 50 | AZ20: 119.0296 | BA20: 99.411484 | BB20: 19.618118 | BC20: 16.481714 | BD20: 48.442664 | BE20: 62.608572 | BF20: 27.812767 | BG20: 100 | BH20: 0 | BI20: 100 | BJ20: NA | BK20: NA | BL20: NA | BM20: NA | BN20: NA | BO20: 100 | BP20: 0 | BQ20: 100 | BR20: NA | BS20: NA | BT20: NA | BU20: NA | BV20: NA | BW20: 20 | BX20: 30 | BY20: 10 | BZ20: 0 | CA20: 0 | CB20: 0 | CC20: 0 | CD20: 0 | CE20: 0 | CF20: 30 | CG20: 0 | CH20: 0 | CI20: 0 | CJ20: 0 | CK20: 0 | CL20: 0 | CM20: 20 | CN20: 0 | CO20: 10 | CP20: 0 | CQ20: 0 | CR20: 0 | CS20: 0 | CT20: 0 | CU20: 16.303923 | CV20: 99.411484 | CW20: 3.3141952 | CX20: 0 | CY20: 0 | CZ20: 0 | DA20: 0 | DB20: 0 | DC20: 0 | DD20: 99.411484 | DE20: 0 | DF20: 0 | DG20: 0 | DH20: 0 | DI20: 0 | DJ20: 0 | DK20: 16.303923 | DL20: 0 | DM20: 3.3141952 | DN20: 0 | DO20: 0 | DP20: 0 | DQ20: 0 | DR20: 0 | DS20: 31.053261 | DT20: 62.608572 | DU20: 19.8 | DV20: NA | DW20: NA | DX20: NA | DY20: NA | DZ20: NA | EA20: NA | EB20: 62.608572 | EC20: NA | ED20: NA | EE20: NA | EF20: NA | EG20: NA | EH20: NA | EI20: 31.053261 | EJ20: NA | EK20: 19.8 | EL20: NA | EM20: NA | EN20: NA | EO20: NA | EP20: NA | EQ20: 10 | ER20: 0 | ES20: 10 | ET20: 3.3141952 | EU20: 0 | EV20: 3.3141952 | EW20: 100 | EX20: 100 | EY20: 19.8 | EZ20: NA | FA20: 19.8 | FB20: 40 | FC20: 100 | FD20: 50 | FE20: 10 | FF20: 900 | FG20: 900 | FH20: 0 | FI20: 0 | FJ20: NA | FK20: 62.608572 | FL20: NA | FM20: NA | FN20: NA | FO20: NA | FP20: NA | FQ20: NA | FR20: 50 | FS20: 100 | FT20: 0 | FU20: 0
A21: BB30 | B21: Rebar | C21: UNBURNED | D21: 121 | E21: Yes | F21: 37.19438074333333 | G21: -122.24449449 | H21: 2 | I21: 2025-07-15 11:25 | J21: No | K21: SESE | L21: 2 | M21: 17 | N21: 0 | O21: 0 | P21: 150.02 | Q21: 96.018085 | R21: 0.08496732 | S21: 0.91503268 | T21: 0.91503268 | U21: 0 | V21: 0 | W21: 0.026143791 | X21: 0 | Y21: 0.62745098 | Z21: 0 | AA21: 0.26143791 | AB21: 0.08496732 | AC21: 0.91503268 | AD21: 0.91503268 | AE21: 0 | AF21: =_xlfn.XLOOKUP(A21, ceanothus_cover!$A:$A, ceanothus_cover!$D:$D, "") -> 13.628319 | AG21: =_xlfn.XLOOKUP(A21, ceanothus_cover!$A:$A, ceanothus_cover!$E:$E, "") -> 1.2326087 | AH21: 13.849558 | AI21: 86.150442 | AJ21: 1.2 | AK21: 0.89566406 | AL21: 2.805084 | AM21: 3.7206996 | AN21: 7.4214476 | AO21: 14.299138 | AP21: 0 | AQ21: 14.299138 | AR21: 14.299138 | AS21: 21.720586 | AT21: 0.625 | AU21: 0.875 | AV21: 210 | AW21: 200 | AX21: 10 | AY21: 4.7619048 | AZ21: 433.04368 | BA21: 426.51031 | BB21: 6.5333706 | BC21: 1.5087094 | BD21: 49.389241 | BE21: 50.225691 | BF21: 27.8 | BG21: 0 | BH21: 0 | BI21: 16.666667 | BJ21: NA | BK21: NA | BL21: NA | BM21: NA | BN21: NA | BO21: 0 | BP21: 0 | BQ21: 7.362744 | BR21: NA | BS21: NA | BT21: NA | BU21: NA | BV21: NA | BW21: 30 | BX21: 120 | BY21: 60 | BZ21: 0 | CA21: 0 | CB21: 0 | CC21: 0 | CD21: 0 | CE21: 30 | CF21: 120 | CG21: 50 | CH21: 0 | CI21: 0 | CJ21: 0 | CK21: 0 | CL21: 0 | CM21: 0 | CN21: 0 | CO21: 10 | CP21: 0 | CQ21: 0 | CR21: 0 | CS21: 0 | CT21: 0 | CU21: 83.314931 | CV21: 260.99321 | CW21: 88.735539 | CX21: 0 | CY21: 0 | CZ21: 0 | DA21: 0 | DB21: 0 | DC21: 83.314931 | DD21: 260.99321 | DE21: 82.202168 | DF21: 0 | DG21: 0 | DH21: 0 | DI21: 0 | DJ21: 0 | DK21: 0 | DL21: 0 | DM21: 6.5333706 | DN21: 0 | DO21: 0 | DP21: 0 | DQ21: 0 | DR21: 0 | DS21: 57.316141 | DT21: 50.722439 | DU21: 41.826288 | DV21: NA | DW21: NA | DX21: NA | DY21: NA | DZ21: NA | EA21: 57.316141 | EB21: 50.722439 | EC21: 44.09941 | ED21: NA | EE21: NA | EF21: NA | EG21: NA | EH21: NA | EI21: NA | EJ21: NA | EK21: 27.8 | EL21: NA | EM21: NA | EN21: NA | EO21: NA | EP21: NA | EQ21: 60 | ER21: 50 | ES21: 10 | ET21: 88.735539 | EU21: 82.202168 | EV21: 6.5333706 | EW21: 16.666667 | EX21: 7.362744 | EY21: 41.826288 | EZ21: 44.09941 | FA21: 27.8 | FB21: 0 | FC21: 20 | FD21: 160 | FE21: 50 | FF21: 0 | FG21: 0 | FH21: 0 | FI21: NA | FJ21: 57.316141 | FK21: 50.722439 | FL21: 44.09941 | FM21: NA | FN21: NA | FO21: NA | FP21: NA | FQ21: NA | FR21: 23.809524 | FS21: 100 | FT21: 0 | FU21: 0
A22: BB31 | B22: Rebar | C22: UNBURNED | D22: 266 | E22: Yes | F22: 37.19465625033334 | G22: -122.24941565466666 | H22: 2 | I22: 2025-07-02 11:30 | J22: No | K22: SESE | L22: 0 | M22: 0 | N22: 0 | O22: 0 | P22: 135.31999 | Q22: 64.590638 | R22: 0.578125 | S22: 0.421875 | T22: 0.375 | U22: 0.046875 | V22: 0 | W22: 0 | X22: 0 | Y22: 0 | Z22: 0.046875 | AA22: 0.375 | AB22: 0.578125 | AC22: 0.421875 | AD22: 0.375 | AE22: 0.046875 | AF22: =_xlfn.XLOOKUP(A22, ceanothus_cover!$A:$A, ceanothus_cover!$D:$D, "") -> 2.4336283 | AG22: =_xlfn.XLOOKUP(A22, ceanothus_cover!$A:$A, ceanothus_cover!$E:$E, "") -> 0.5 | AH22: 6.7920354 | AI22: 93.207965 | AJ22: 0.35964912 | AK22: 0.60253764 | AL22: 3.4284359 | AM22: 1.2402332 | AN22: 5.2712068 | AO22: 10.560277 | AP22: 0 | AQ22: 10.560277 | AR22: 10.560277 | AS22: 15.831484 | AT22: 3.375 | AU22: 1.875 | AV22: 100 | AW22: 60 | AX22: 40 | AY22: 40 | AZ22: 258.61695 | BA22: 204.70329 | BB22: 53.913664 | BC22: 20.846918 | BD22: 55.310126 | BE22: 63.527671 | BF22: 39.929657 | BG22: NA | BH22: 14.285714 | BI22: 100 | BJ22: NA | BK22: NA | BL22: NA | BM22: NA | BN22: NA | BO22: NA | BP22: 1.6733478 | BQ22: 100 | BR22: NA | BS22: NA | BT22: NA | BU22: NA | BV22: NA | BW22: 0 | BX22: 70 | BY22: 30 | BZ22: 0 | CA22: 0 | CB22: 0 | CC22: 0 | CD22: 0 | CE22: 0 | CF22: 60 | CG22: 0 | CH22: 0 | CI22: 0 | CJ22: 0 | CK22: 0 | CL22: 0 | CM22: 0 | CN22: 10 | CO22: 30 | CP22: 0 | CQ22: 0 | CR22: 0 | CS22: 0 | CT22: 0 | CU22: 0 | CV22: 208.18698 | CW22: 50.429972 | CX22: 0 | CY22: 0 | CZ22: 0 | DA22: 0 | DB22: 0 | DC22: 0 | DD22: 204.70329 | DE22: 0 | DF22: 0 | DG22: 0 | DH22: 0 | DI22: 0 | DJ22: 0 | DK22: 0 | DL22: 3.4836922 | DM22: 50.429972 | DN22: 0 | DO22: 0 | DP22: 0 | DQ22: 0 | DR22: 0 | DS22: NA | DT22: 59.313549 | DU22: 44.592301 | DV22: NA | DW22: NA | DX22: NA | DY22: NA | DZ22: NA | EA22: NA | EB22: 63.527671 | EC22: NA | ED22: NA | EE22: NA | EF22: NA | EG22: NA | EH22: NA | EI22: NA | EJ22: 20.3 | EK22: 44.592301 | EL22: NA | EM22: NA | EN22: NA | EO22: NA | EP22: NA | EQ22: 30 | ER22: 0 | ES22: 30 | ET22: 50.429972 | EU22: 0 | EV22: 50.429972 | EW22: 100 | EX22: 100 | EY22: 44.592301 | EZ22: NA | FA22: 44.592301 | FB22: 33.333333 | FC22: 100 | FD22: 90 | FE22: 10 | FF22: 0 | FG22: 0 | FH22: 0 | FI22: NA | FJ22: NA | FK22: 63.527671 | FL22: NA | FM22: NA | FN22: NA | FO22: NA | FP22: NA | FQ22: NA | FR22: 10 | FS22: 100 | FT22: 0 | FU22: 0
A23: BB32 | B23: Stake | C23: UNBURNED | D23: 431 | E23: Yes | F23: 37.19399511333333 | G23: -122.26171554333331 | H23: 1 | I23: 2025-07-14 15:38 | J23: No | K23: SESE | L23: 0 | M23: 0 | N23: 0 | O23: 1.16 | P23: 134.34999 | Q23: 85.422286 | R23: 0.045801527 | S23: 0.95419847 | T23: 0.90076336 | U23: 0.053435115 | V23: 0 | W23: 0.18320611 | X23: 0.053435115 | Y23: 0.22900763 | Z23: 0 | AA23: 0.48854962 | AB23: 0.045801527 | AC23: 0.95419847 | AD23: 0.90076336 | AE23: 0.053435115 | AF23: =_xlfn.XLOOKUP(A23, ceanothus_cover!$A:$A, ceanothus_cover!$D:$D, "") -> 36.150442 | AG23: =_xlfn.XLOOKUP(A23, ceanothus_cover!$A:$A, ceanothus_cover!$E:$E, "") -> 1.4524766 | AH23: 55.353982 | AI23: 44.646018 | AJ23: 1.3826176 | AK23: 0.73281605 | AL23: 14.337096 | AM23: 7.4413992 | AN23: 22.511311 | AO23: 18.327753 | AP23: 0 | AQ23: 18.327753 | AR23: 18.327753 | AS23: 40.839064 | AT23: 1.5 | AU23: 3.875 | AV23: 180 | AW23: 140 | AX23: 40 | AY23: 22.222222 | AZ23: 317.26943 | BA23: 296.60753 | BB23: 20.661899 | BC23: 6.5124139 | BD23: 45.661904 | BE23: 50.061427 | BF23: 24.719021 | BG23: 50 | BH23: 13.333333 | BI23: 100 | BJ23: NA | BK23: NA | BL23: NA | BM23: NA | BN23: NA | BO23: 20 | BP23: 1.3345071 | BQ23: 100 | BR23: NA | BS23: NA | BT23: NA | BU23: NA | BV23: NA | BW23: 20 | BX23: 150 | BY23: 10 | BZ23: 0 | CA23: 0 | CB23: 0 | CC23: 0 | CD23: 0 | CE23: 10 | CF23: 130 | CG23: 0 | CH23: 0 | CI23: 0 | CJ23: 0 | CK23: 0 | CL23: 0 | CM23: 10 | CN23: 20 | CO23: 10 | CP23: 0 | CQ23: 0 | CR23: 0 | CS23: 0 | CT23: 0 | CU23: 17.937097 | CV23: 286.07556 | CW23: 13.256781 | CX23: 0 | CY23: 0 | CZ23: 0 | DA23: 0 | DB23: 0 | DC23: 14.349677 | DD23: 282.25786 | DE23: 0 | DF23: 0 | DG23: 0 | DH23: 0 | DI23: 0 | DJ23: 0 | DK23: 3.5874193 | DL23: 3.8176986 | DM23: 13.256781 | DN23: 0 | DO23: 0 | DP23: 0 | DQ23: 0 | DR23: 0 | DS23: 32.57146 | DT23: 47.497516 | DU23: 39.6 | DV23: NA | DW23: NA | DX23: NA | DY23: NA | DZ23: NA | EA23: 41.2 | EB23: 50.678937 | EC23: NA | ED23: NA | EE23: NA | EF23: NA | EG23: NA | EH23: NA | EI23: 20.6 | EJ23: 15.026643 | EK23: 39.6 | EL23: NA | EM23: NA | EN23: NA | EO23: NA | EP23: NA | EQ23: 10 | ER23: 0 | ES23: 10 | ET23: 13.256781 | EU23: 0 | EV23: 13.256781 | EW23: 100 | EX23: 100 | EY23: 39.6 | EZ23: NA | FA23: 39.6 | FB23: 11.111111 | FC23: 33.333333 | FD23: 90 | FE23: 90 | FF23: 0 | FG23: 0 | FH23: 0 | FI23: NA | FJ23: 41.2 | FK23: 50.678937 | FL23: NA | FM23: NA | FN23: NA | FO23: NA | FP23: NA | FQ23: NA | FR23: 38.888889 | FS23: 83.333333 | FT23: 0 | FU23: 0
A24: BB34 | B24: Rebar | C24: UNBURNED | D24: 533 | E24: Yes | F24: 37.20583706666667 | G24: -122.24638075666665 | H24: 2 | I24: 2025-07-03 14:03 | J24: No | K24: SESE | L24: 0 | M24: 0 | N24: 0 | O24: 23.859999 | P24: 178.89999 | Q24: 122.1245 | R24: 0.081818182 | S24: 0.91818182 | T24: 0.87272727 | U24: 0.045454545 | V24: 0.045454545 | W24: 0.21818182 | X24: 0 | Y24: 0.054545455 | Z24: 0 | AA24: 0.6 | AB24: 0.081818182 | AC24: 0.91818182 | AD24: 0.87272727 | AE24: 0.045454545 | AF24: =_xlfn.XLOOKUP(A24, ceanothus_cover!$A:$A, ceanothus_cover!$D:$D, "") -> 55.309735 | AG24: =_xlfn.XLOOKUP(A24, ceanothus_cover!$A:$A, ceanothus_cover!$E:$E, "") -> 3.9690323 | AH24: 55.309735 | AI24: 44.690265 | AJ24: 3.9690323 | AK24: 0.86309446 | AL24: 4.6751399 | AM24: 6.201166 | AN24: 11.7394 | AO24: 17.978653 | AP24: 0 | AQ24: 17.978653 | AR24: 17.978653 | AS24: 29.718053 | AT24: 7.375 | AU24: 4.25 | AV24: 200 | AW24: 140 | AX24: 60 | AY24: 30 | AZ24: 944.66068 | BA24: 914.259 | BB24: 30.401679 | BC24: 3.2182645 | BD24: 74.747913 | BE24: 87.891475 | BF24: 24.482136 | BG24: 66.666667 | BH24: 23.529412 | BI24: NA | BJ24: NA | BK24: NA | BL24: NA | BM24: NA | BN24: NA | BO24: 18.975022 | BP24: 1.9104755 | BQ24: NA | BR24: NA | BS24: NA | BT24: NA | BU24: NA | BV24: NA | BW24: 30 | BX24: 170 | BY24: 0 | BZ24: 0 | CA24: 0 | CB24: 0 | CC24: 0 | CD24: 0 | CE24: 10 | CF24: 130 | CG24: 0 | CH24: 0 | CI24: 0 | CJ24: 0 | CK24: 0 | CL24: 0 | CM24: 20 | CN24: 40 | CO24: 0 | CP24: 0 | CQ24: 0 | CR24: 0 | CS24: 0 | CT24: 0 | CU24: 72.396702 | CV24: 872.26398 | CW24: 0 | CX24: 0 | CY24: 0 | CZ24: 0 | DA24: 0 | DB24: 0 | DC24: 58.659412 | DD24: 855.59959 | DE24: 0 | DF24: 0 | DG24: 0 | DH24: 0 | DI24: 0 | DJ24: 0 | DK24: 13.73729 | DL24: 16.664389 | DM24: 0 | DN24: 0 | DO24: 0 | DP24: 0 | DQ24: 0 | DR24: 0 | DS24: 53.428738 | DT24: 77.906852 | DU24: NA | DV24: NA | DW24: NA | DX24: NA | DY24: NA | DZ24: NA | EA24: 83.3 | EB24: 88.23477 | EC24: NA | ED24: NA | EE24: NA | EF24: NA | EG24: NA | EH24: NA | EI24: 28.504386 | EJ24: 22.199381 | EK24: NA | EL24: NA | EM24: NA | EN24: NA | EO24: NA | EP24: NA | EQ24: 0 | ER24: 0 | ES24: 0 | ET24: 0 | EU24: 0 | EV24: 0 | EW24: NA | EX24: NA | EY24: NA | EZ24: NA | FA24: NA | FB24: 0 | FC24: 85.714286 | FD24: 130 | FE24: 70 | FF24: 0 | FG24: 0 | FH24: 0 | FI24: NA | FJ24: 83.3 | FK24: 88.23477 | FL24: NA | FM24: NA | FN24: NA | FO24: NA | FP24: NA | FQ24: NA | FR24: 50 | FS24: 95 | FT24: 0 | FU24: 10
A25: BB35 | B25: Rebar | C25: UNBURNED | D25: 252 | E25: Yes | F25: 37.200229093333334 | G25: -122.25394329833335 | H25: 1 | I25: 2025-07-01 14:39 | J25: No | K25: SESE | L25: 60 | M25: 0 | N25: 0 | O25: 0 | P25: 111.87 | Q25: 57.191143 | R25: 0.36448598 | S25: 0.63551402 | T25: 0.5046729 | U25: 0.13084112 | V25: 0 | W25: 0 | X25: 0.13084112 | Y25: 0.5046729 | Z25: 0 | AA25: 0 | AB25: 0.36448598 | AC25: 0.63551402 | AD25: 0.5046729 | AE25: 0.13084112 | AF25: =_xlfn.XLOOKUP(A25, ceanothus_cover!$A:$A, ceanothus_cover!$D:$D, "") -> 57.190265 | AG25: =_xlfn.XLOOKUP(A25, ceanothus_cover!$A:$A, ceanothus_cover!$E:$E, "") -> 2.6973394 | AH25: 67.256637 | AI25: 32.743363 | AJ25: 2.4409995 | AK25: 0.76538565 | AL25: 0.62335199 | AM25: 1.2402332 | AN25: 2.6289708 | AO25: 28.277105 | AP25: 0 | AQ25: 28.277105 | AR25: 28.277105 | AS25: 30.906076 | AT25: 0.125 | AU25: 0.4375 | AV25: 70 | AW25: 40 | AX25: 30 | AY25: 42.857143 | AZ25: 151.71218 | BA25: 81.213252 | BB25: 70.498927 | BC25: 46.468864 | BD25: 50.633431 | BE25: 49.007168 | BF25: 52.723809 | BG25: NA | BH25: NA | BI25: 42.857143 | BJ25: NA | BK25: NA | BL25: NA | BM25: NA | BN25: NA | BO25: NA | BP25: NA | BQ25: 46.468864 | BR25: NA | BS25: NA | BT25: NA | BU25: NA | BV25: NA | BW25: 0 | BX25: 0 | BY25: 70 | BZ25: 0 | CA25: 0 | CB25: 0 | CC25: 0 | CD25: 0 | CE25: 0 | CF25: 0 | CG25: 40 | CH25: 0 | CI25: 0 | CJ25: 0 | CK25: 0 | CL25: 0 | CM25: 0 | CN25: 0 | CO25: 30 | CP25: 0 | CQ25: 0 | CR25: 0 | CS25: 0 | CT25: 0 | CU25: 0 | CV25: 0 | CW25: 151.71218 | CX25: 0 | CY25: 0 | CZ25: 0 | DA25: 0 | DB25: 0 | DC25: 0 | DD25: 0 | DE25: 81.213252 | DF25: 0 | DG25: 0 | DH25: 0 | DI25: 0 | DJ25: 0 | DK25: 0 | DL25: 0 | DM25: 70.498927 | DN25: 0 | DO25: 0 | DP25: 0 | DQ25: 0 | DR25: 0 | DS25: NA | DT25: NA | DU25: 50.633431 | DV25: NA | DW25: NA | DX25: NA | DY25: NA | DZ25: NA | EA25: NA | EB25: NA | EC25: 49.007168 | ED25: NA | EE25: NA | EF25: NA | EG25: NA | EH25: NA | EI25: NA | EJ25: NA | EK25: 52.723809 | EL25: NA | EM25: NA | EN25: NA | EO25: NA | EP25: NA | EQ25: 70 | ER25: 40 | ES25: 30 | ET25: 151.71218 | EU25: 81.213252 | EV25: 70.498927 | EW25: 42.857143 | EX25: 46.468864 | EY25: 50.633431 | EZ25: 49.007168 | FA25: 52.723809 | FB25: 33.333333 | FC25: 100 | FD25: 60 | FE25: 10 | FF25: 100 | FG25: 100 | FH25: 0 | FI25: 0 | FJ25: NA | FK25: NA | FL25: 49.007168 | FM25: NA | FN25: NA | FO25: NA | FP25: NA | FQ25: NA | FR25: 0 | FS25: 71.428571 | FT25: 0 | FU25: 0
A26: BB36 | B26: Stake | C26: UNBURNED | D26: 409 | E26: Yes | F26: 37.195204585000006 | G26: -122.24554646000001 | H26: 2 | I26: 2025-07-15 15:08 | J26: No | K26: SESE | L26: 0 | M26: 6 | N26: 0 | O26: 16.34 | P26: 177.83 | Q26: 102.52496 | R26: 0.39130435 | S26: 0.60869565 | T26: 0.60869565 | U26: 0 | V26: 0 | W26: 0 | X26: 0 | Y26: 0.45652174 | Z26: 0 | AA26: 0.15217391 | AB26: 0.39130435 | AC26: 0.60869565 | AD26: 0.60869565 | AE26: 0 | AF26: =_xlfn.XLOOKUP(A26, ceanothus_cover!$A:$A, ceanothus_cover!$D:$D, "") -> 89.889381 | AG26: =_xlfn.XLOOKUP(A26, ceanothus_cover!$A:$A, ceanothus_cover!$E:$E, "") -> 3.1469072 | AH26: 98.075221 | AI26: 1.9247788 | AJ26: 3.0073839 | AK26: 2.7684162 | AL26: 11.843688 | AM26: 23.564431 | AN26: 38.176535 | AO26: 104.15684 | AP26: 0 | AQ26: 104.15684 | AR26: 104.15684 | AS26: 142.33337 | AT26: 0.375 | AU26: 0.75 | AV26: 30 | AW26: 20 | AX26: 10 | AY26: 33.333333 | AZ26: 117.20309 | BA26: 106.42891 | BB26: 10.774178 | BC26: 9.1927418 | BD26: 67.98061 | BE26: 79.339776 | BF26: 35.7 | BG26: NA | BH26: 0 | BI26: 50 | BJ26: NA | BK26: NA | BL26: NA | BM26: NA | BN26: NA | BO26: NA | BP26: 0 | BQ26: 23.284608 | BR26: NA | BS26: NA | BT26: NA | BU26: NA | BV26: NA | BW26: 0 | BX26: 10 | BY26: 20 | BZ26: 0 | CA26: 0 | CB26: 0 | CC26: 0 | CD26: 0 | CE26: 0 | CF26: 10 | CG26: 10 | CH26: 0 | CI26: 0 | CJ26: 0 | CK26: 0 | CL26: 0 | CM26: 0 | CN26: 0 | CO26: 10 | CP26: 0 | CQ26: 0 | CR26: 0 | CS26: 0 | CT26: 0 | CU26: 0 | CV26: 70.931419 | CW26: 46.271673 | CX26: 0 | CY26: 0 | CZ26: 0 | DA26: 0 | DB26: 0 | DC26: 0 | DD26: 70.931419 | DE26: 35.497495 | DF26: 0 | DG26: 0 | DH26: 0 | DI26: 0 | DJ26: 0 | DK26: 0 | DL26: 0 | DM26: 10.774178 | DN26: 0 | DO26: 0 | DP26: 0 | DQ26: 0 | DR26: 0 | DS26: NA | DT26: 91.6 | DU26: 52.314099 | DV26: NA | DW26: NA | DX26: NA | DY26: NA | DZ26: NA | EA26: NA | EB26: 91.6 | EC26: 64.8 | ED26: NA | EE26: NA | EF26: NA | EG26: NA | EH26: NA | EI26: NA | EJ26: NA | EK26: 35.7 | EL26: NA | EM26: NA | EN26: NA | EO26: NA | EP26: NA | EQ26: 20 | ER26: 10 | ES26: 10 | ET26: 46.271673 | EU26: 35.497495 | EV26: 10.774178 | EW26: 50 | EX26: 23.284608 | EY26: 52.314099 | EZ26: 64.8 | FA26: 35.7 | FB26: 33.333333 | FC26: NA | FD26: 30 | FE26: 0 | FF26: 0 | FG26: 0 | FH26: 0 | FI26: NA | FJ26: NA | FK26: 91.6 | FL26: 64.8 | FM26: NA | FN26: NA | FO26: NA | FP26: NA | FQ26: NA | FR26: 0 | FS26: 100 | FT26: 0 | FU26: 0
A27: BB37 | B27: Rebar | C27: UNBURNED | D27: 414 | E27: No | F27: 37.19589317333333 | G27: -122.25962985833334 | H27: 2 | I27: 2025-07-16 11:40 | J27: No | K27: SESE | L27: 9 | M27: 7 | N27: 0 | O27: 0 | P27: 142 | Q27: 73.305393 | R27: 0.33333333 | S27: 0.66666667 | T27: 0.66666667 | U27: 0 | V27: 0 | W27: 0 | X27: 0 | Y27: 0 | Z27: 0 | AA27: 0.66666667 | AB27: 0.33333333 | AC27: 0.66666667 | AD27: 0.66666667 | AE27: 0 | AF27: =_xlfn.XLOOKUP(A27, ceanothus_cover!$A:$A, ceanothus_cover!$D:$D, "") -> 21.659292 | AG27: =_xlfn.XLOOKUP(A27, ceanothus_cover!$A:$A, ceanothus_cover!$E:$E, "") -> 2.1372387 | AH27: 46.084071 | AI27: 53.915929 | AJ27: 1.7163214 | AK27: 0.47225923 | AL27: 2.493408 | AM27: 1.2402332 | AN27: 4.2059004 | AO27: 25.222479 | AP27: 0 | AQ27: 25.222479 | AR27: 25.222479 | AS27: 29.42838 | AT27: 3.875 | AU27: 1.75 | AV27: 90 | AW27: 30 | AX27: 60 | AY27: 66.666667 | AZ27: 138.46047 | BA27: 124.04722 | BB27: 14.413249 | BC27: 10.409649 | BD27: 42.6597 | BE27: 69.937329 | BF27: 16.857046 | BG27: 100 | BH27: 50 | BI27: 100 | BJ27: NA | BK27: NA | BL27: NA | BM27: NA | BN27: NA | BO27: 100 | BP27: 5.7484753 | BQ27: 100 | BR27: NA | BS27: NA | BT27: NA | BU27: NA | BV27: NA | BW27: 10 | BX27: 60 | BY27: 20 | BZ27: 0 | CA27: 0 | CB27: 0 | CC27: 0 | CD27: 0 | CE27: 0 | CF27: 30 | CG27: 0 | CH27: 0 | CI27: 0 | CJ27: 0 | CK27: 0 | CL27: 0 | CM27: 10 | CN27: 30 | CO27: 20 | CP27: 0 | CQ27: 0 | CR27: 0 | CS27: 0 | CT27: 0 | CU27: 3.7280892 | CV27: 131.61296 | CW27: 3.1194215 | CX27: 0 | CY27: 0 | CZ27: 0 | DA27: 0 | DB27: 0 | DC27: 0 | DD27: 124.04722 | DE27: 0 | DF27: 0 | DG27: 0 | DH27: 0 | DI27: 0 | DJ27: 0 | DK27: 3.7280892 | DL27: 7.5657385 | DM27: 3.1194215 | DN27: 0 | DO27: 0 | DP27: 0 | DQ27: 0 | DR27: 0 | DS27: 21 | DT27: 50.938934 | DU27: 13.583078 | DV27: NA | DW27: NA | DX27: NA | DY27: NA | DZ27: NA | EA27: NA | EB27: 69.937329 | EC27: NA | ED27: NA | EE27: NA | EF27: NA | EG27: NA | EH27: NA | EI27: 21 | EJ27: 17.271943 | EK27: 13.583078 | EL27: NA | EM27: NA | EN27: NA | EO27: NA | EP27: NA | EQ27: 20 | ER27: 0 | ES27: 20 | ET27: 3.1194215 | EU27: 0 | EV27: 3.1194215 | EW27: 100 | EX27: 100 | EY27: 13.583078 | EZ27: NA | FA27: 13.583078 | FB27: 0 | FC27: 85.714286 | FD27: 20 | FE27: 70 | FF27: 300 | FG27: 300 | FH27: 0 | FI27: 0 | FJ27: NA | FK27: 69.937329 | FL27: NA | FM27: NA | FN27: NA | FO27: NA | FP27: NA | FQ27: NA | FR27: 0 | FS27: 100 | FT27: 0 | FU27: 0
A28: BB39 | B28: Rebar | C28: UNBURNED | D28: 678 | E28: Yes | F28: 37.19506703766666 | G28: -122.25831357950001 | H28: 1 | I28: 2025-07-16 11:01 | J28: No | K28: SESE | L28: 0 | M28: 0 | N28: 0 | O28: 0.12 | P28: 80.439995 | Q28: 34.89502 | R28: 0.35 | S28: 0.65 | T28: 0.65 | U28: 0 | V28: 0 | W28: 0 | X28: 0 | Y28: 0.15 | Z28: 0 | AA28: 0.5 | AB28: 0.35 | AC28: 0.65 | AD28: 0.65 | AE28: 0 | AF28: =_xlfn.XLOOKUP(A28, ceanothus_cover!$A:$A, ceanothus_cover!$D:$D, "") -> 32.721239 | AG28: =_xlfn.XLOOKUP(A28, ceanothus_cover!$A:$A, ceanothus_cover!$E:$E, "") -> 1.558392 | AH28: 54.09292 | AI28: 45.90708 | AJ28: 1.1823229 | AK28: 1.8564673 | AL28: 8.4152519 | AM28: 7.4413992 | AN28: 17.713118 | AO28: 13.523482 | AP28: 0 | AQ28: 13.523482 | AR28: 13.523482 | AS28: 31.2366 | AT28: 0.75 | AU28: 1.75 | AV28: 130 | AW28: 50 | AX28: 80 | AY28: 61.538462 | AZ28: 236.21891 | BA28: 126.36971 | BB28: 109.8492 | BC28: 46.503136 | BD28: 46.361962 | BE28: 54.678003 | BF28: 40.30228 | BG28: 100 | BH28: 28.571429 | BI28: 100 | BJ28: NA | BK28: 100 | BL28: NA | BM28: NA | BN28: NA | BO28: 100 | BP28: 4.0317351 | BQ28: 100 | BR28: NA | BS28: 100 | BT28: NA | BU28: NA | BV28: NA | BW28: 30 | BX28: 70 | BY28: 10 | BZ28: 0 | CA28: 20 | CB28: 0 | CC28: 0 | CD28: 0 | CE28: 0 | CF28: 50 | CG28: 0 | CH28: 0 | CI28: 0 | CJ28: 0 | CK28: 0 | CL28: 0 | CM28: 30 | CN28: 20 | CO28: 10 | CP28: 0 | CQ28: 20 | CR28: 0 | CS28: 0 | CT28: 0 | CU28: 96.389703 | CV28: 131.67865 | CW28: 1.5866781 | CX28: 0 | CY28: 6.5638885 | CZ28: 0 | DA28: 0 | DB28: 0 | DC28: 0 | DD28: 126.36971 | DE28: 0 | DF28: 0 | DG28: 0 | DH28: 0 | DI28: 0 | DJ28: 0 | DK28: 96.389703 | DL28: 5.3089342 | DM28: 1.5866781 | DN28: 0 | DO28: 6.5638885 | DP28: 0 | DQ28: 0 | DR28: 0 | DS28: 61.649682 | DT28: 47.172056 | DU28: 13.7 | DV28: NA | DW28: 19.703426 | DX28: NA | DY28: NA | DZ28: NA | EA28: NA | EB28: 54.678003 | EC28: NA | ED28: NA | EE28: NA | EF28: NA | EG28: NA | EH28: NA | EI28: 61.649682 | EJ28: 17.720045 | EK28: 13.7 | EL28: NA | EM28: 19.703426 | EN28: NA | EO28: NA | EP28: NA | EQ28: 30 | ER28: 0 | ES28: 30 | ET28: 8.1505666 | EU28: 0 | EV28: 8.1505666 | EW28: 100 | EX28: 100 | EY28: 17.927074 | EZ28: NA | FA28: 17.927074 | FB28: 60 | FC28: 62.5 | FD28: 50 | FE28: 80 | FF28: 0 | FG28: 0 | FH28: 0 | FI28: NA | FJ28: NA | FK28: 54.678003 | FL28: NA | FM28: NA | FN28: NA | FO28: NA | FP28: NA | FQ28: NA | FR28: 15.384615 | FS28: 100 | FT28: 0 | FU28: 0
A29: BB4 | B29: Stake | C29: UNBURNED | D29: 572 | E29: Yes | F29: 37.20655930833333 | G29: -122.24531024600002 | H29: 1 | I29: 2025-07-03 9:19 | J29: Yes | K29: SESE | L29: 0 | M29: 0 | N29: 0 | O29: 0.050000001 | P29: 145.64999 | Q29: 107.08013 | R29: 0.81818182 | S29: 0.18181818 | T29: 0.18181818 | U29: 0 | V29: 0 | W29: 0 | X29: 0 | Y29: 0 | Z29: 0 | AA29: 0.18181818 | AB29: 0.81818182 | AC29: 0.18181818 | AD29: 0.18181818 | AE29: 0 | AF29: =_xlfn.XLOOKUP(A29, ceanothus_cover!$A:$A, ceanothus_cover!$D:$D, "") -> 76.106195 | AG29: =_xlfn.XLOOKUP(A29, ceanothus_cover!$A:$A, ceanothus_cover!$E:$E, "") -> 1.7890138 | AH29: 76.106195 | AI29: 23.893805 | AJ29: 1.7890138 | AK29: 1.3842081 | AL29: 7.4802239 | AM29: 9.9218656 | AN29: 18.786298 | AO29: 286.99298 | AP29: 0 | AQ29: 286.99298 | AR29: 286.99298 | AS29: 305.77928 | AT29: 5.3125 | AU29: 0.75 | AV29: 50 | AW29: 10 | AX29: 40 | AY29: 80 | AZ29: 139.44296 | BA29: 51.564376 | BB29: 87.878585 | BC29: 63.02117 | BD29: 57.436696 | BE29: 78.1 | BF29: 50.978574 | BG29: NA | BH29: 75 | BI29: 100 | BJ29: NA | BK29: NA | BL29: NA | BM29: NA | BN29: NA | BO29: NA | BP29: 56.258328 | BQ29: 100 | BR29: NA | BS29: NA | BT29: NA | BU29: NA | BV29: NA | BW29: 0 | BX29: 40 | BY29: 10 | BZ29: 0 | CA29: 0 | CB29: 0 | CC29: 0 | CD29: 0 | CE29: 0 | CF29: 10 | CG29: 0 | CH29: 0 | CI29: 0 | CJ29: 0 | CK29: 0 | CL29: 0 | CM29: 0 | CN29: 30 | CO29: 10 | CP29: 0 | CQ29: 0 | CR29: 0 | CS29: 0 | CT29: 0 | CU29: 0 | CV29: 117.88387 | CW29: 21.559092 | CX29: 0 | CY29: 0 | CZ29: 0 | DA29: 0 | DB29: 0 | DC29: 0 | DD29: 51.564376 | DE29: 0 | DF29: 0 | DG29: 0 | DH29: 0 | DI29: 0 | DJ29: 0 | DK29: 0 | DL29: 66.319494 | DM29: 21.559092 | DN29: 0 | DO29: 0 | DP29: 0 | DQ29: 0 | DR29: 0 | DS29: NA | DT29: 59.04367 | DU29: 50.5 | DV29: NA | DW29: NA | DX29: NA | DY29: NA | DZ29: NA | EA29: NA | EB29: 78.1 | EC29: NA | ED29: NA | EE29: NA | EF29: NA | EG29: NA | EH29: NA | EI29: NA | EJ29: 51.137103 | EK29: 50.5 | EL29: NA | EM29: NA | EN29: NA | EO29: NA | EP29: NA | EQ29: 10 | ER29: 0 | ES29: 10 | ET29: 21.559092 | EU29: 0 | EV29: 21.559092 | EW29: 100 | EX29: 100 | EY29: 50.5 | EZ29: NA | FA29: 50.5 | FB29: 75 | FC29: 100 | FD29: 40 | FE29: 10 | FF29: 100 | FG29: 100 | FH29: 0 | FI29: 0 | FJ29: NA | FK29: 78.1 | FL29: NA | FM29: NA | FN29: NA | FO29: NA | FP29: NA | FQ29: NA | FR29: 20 | FS29: 100 | FT29: 0 | FU29: 0
A30: BB44 | B30: Rebar | C30: UNBURNED | D30: 603 | E30: Yes | F30: 37.20346655166667 | G30: -122.25882124500001 | H30: 2 | I30: 2025-07-17 13:05 | J30: No | K30: SESE | L30: 16 | M30: 11 | N30: 0 | O30: 50.099998 | P30: 170.37999 | Q30: 110.71964 | R30: 0.040462428 | S30: 0.95953757 | T30: 0.63583815 | U30: 0.32369942 | V30: 0 | W30: 0.13872832 | X30: 0.32369942 | Y30: 0.24277457 | Z30: 0 | AA30: 0.25433526 | AB30: 0.040462428 | AC30: 0.95953757 | AD30: 0.63583815 | AE30: 0.32369942 | AF30: =_xlfn.XLOOKUP(A30, ceanothus_cover!$A:$A, ceanothus_cover!$D:$D, "") -> 50.221239 | AG30: =_xlfn.XLOOKUP(A30, ceanothus_cover!$A:$A, ceanothus_cover!$E:$E, "") -> 2.8473877 | AH30: 90.553097 | AI30: 9.4469027 | AJ30: 2.6242244 | AK30: 1.4493473 | AL30: 7.7918999 | AM30: 7.4413992 | AN30: 16.682646 | AO30: 4.587393 | AP30: 0 | AQ30: 4.587393 | AR30: 4.587393 | AS30: 21.270039 | AT30: 4.125 | AU30: 2 | AV30: 180 | AW30: 40 | AX30: 140 | AY30: 77.777778 | AZ30: 434.3174 | BA30: 328.67079 | BB30: 105.64661 | BC30: 24.324747 | BD30: 53.424875 | BE30: 98.588602 | BF30: 29.877201 | BG30: 0 | BH30: 33.333333 | BI30: 92.857143 | BJ30: NA | BK30: NA | BL30: NA | BM30: NA | BN30: NA | BO30: 0 | BP30: 0.48624665 | BQ30: 84.004077 | BR30: NA | BS30: NA | BT30: NA | BU30: NA | BV30: NA | BW30: 10 | BX30: 30 | BY30: 140 | BZ30: 0 | CA30: 0 | CB30: 0 | CC30: 0 | CD30: 0 | CE30: 10 | CF30: 20 | CG30: 10 | CH30: 0 | CI30: 0 | CJ30: 0 | CK30: 0 | CL30: 0 | CM30: 0 | CN30: 10 | CO30: 130 | CP30: 0 | CQ30: 0 | CR30: 0 | CS30: 0 | CT30: 0 | CU30: 59.649426 | CV30: 250.35344 | CW30: 124.31453 | CX30: 0 | CY30: 0 | CZ30: 0 | DA30: 0 | DB30: 0 | DC30: 59.649426 | DD30: 249.13611 | DE30: 19.885256 | DF30: 0 | DG30: 0 | DH30: 0 | DI30: 0 | DJ30: 0 | DK30: 0 | DL30: 1.2173352 | DM30: 104.42927 | DN30: 0 | DO30: 0 | DP30: 0 | DQ30: 0 | DR30: 0 | DS30: 84 | DT30: 99.35559 | DU30: 32.409555 | DV30: NA | DW30: NA | DX30: NA | DY30: NA | DZ30: NA | EA30: 84 | EB30: 121.38904 | EC30: 48.5 | ED30: NA | EE30: NA | EF30: NA | EG30: NA | EH30: NA | EI30: NA | EJ30: 12 | EK30: 30.825888 | EL30: NA | EM30: NA | EN30: NA | EO30: NA | EP30: NA | EQ30: 140 | ER30: 10 | ES30: 130 | ET30: 124.31453 | EU30: 19.885256 | EV30: 104.42927 | EW30: 92.857143 | EX30: 84.004077 | EY30: 32.409555 | EZ30: 48.5 | FA30: 30.825888 | FB30: 60 | FC30: 100 | FD30: 100 | FE30: 80 | FF30: 100 | FG30: 0 | FH30: 100 | FI30: 100 | FJ30: 84 | FK30: 121.38904 | FL30: 48.5 | FM30: NA | FN30: NA | FO30: NA | FP30: NA | FQ30: NA | FR30: 5.5555556 | FS30: 94.444444 | FT30: 0 | FU30: 0
A31: BB45 | B31: Rebar | C31: UNBURNED | D31: 835 | E31: Yes | F31: 37.202490833 | G31: -122.25763489133332 | H31: 1 | I31: 2025-07-17 10:06 | J31: No | K31: SESE | L31: 0 | M31: 0 | N31: 0 | O31: 19.779999 | P31: 161.03999 | Q31: 110.57522 | R31: 0.15957447 | S31: 0.84042553 | T31: 0.55319149 | U31: 0.28723404 | V31: 0 | W31: 0 | X31: 0 | Y31: 0 | Z31: 0.28723404 | AA31: 0.55319149 | AB31: 0.15957447 | AC31: 0.84042553 | AD31: 0.55319149 | AE31: 0.28723404 | AF31: =_xlfn.XLOOKUP(A31, ceanothus_cover!$A:$A, ceanothus_cover!$D:$D, "") -> 95.353982 | AG31: =_xlfn.XLOOKUP(A31, ceanothus_cover!$A:$A, ceanothus_cover!$E:$E, "") -> 3.5463415 | AH31: 95.353982 | AI31: 4.6460177 | AJ31: 3.5463415 | AK31: 2.214733 | AL31: 3.4284359 | AM31: 2.4804664 | AN31: 8.1236353 | AO31: 3.9491944 | AP31: 0 | AQ31: 3.9491944 | AR31: 3.9491944 | AS31: 12.07283 | AT31: 3.25 | AU31: 2.875 | AV31: 150 | AW31: 60 | AX31: 90 | AY31: 60 | AZ31: 368.09927 | BA31: 300.02656 | BB31: 68.07271 | BC31: 18.493031 | BD31: 53.87819 | BE31: 76.909568 | BF31: 29.911722 | BG31: 100 | BH31: 45.454545 | BI31: 100 | BJ31: NA | BK31: NA | BL31: NA | BM31: NA | BN31: NA | BO31: 100 | BP31: 4.003037 | BQ31: 100 | BR31: NA | BS31: NA | BT31: NA | BU31: NA | BV31: NA | BW31: 30 | BX31: 110 | BY31: 10 | BZ31: 0 | CA31: 0 | CB31: 0 | CC31: 0 | CD31: 0 | CE31: 0 | CF31: 60 | CG31: 0 | CH31: 0 | CI31: 0 | CJ31: 0 | CK31: 0 | CL31: 0 | CM31: 30 | CN31: 50 | CO31: 10 | CP31: 0 | CQ31: 0 | CR31: 0 | CS31: 0 | CT31: 0 | CU31: 54.520134 | CV31: 312.53755 | CW31: 1.0415825 | CX31: 0 | CY31: 0 | CZ31: 0 | DA31: 0 | DB31: 0 | DC31: 0 | DD31: 300.02656 | DE31: 0 | DF31: 0 | DG31: 0 | DH31: 0 | DI31: 0 | DJ31: 0 | DK31: 54.520134 | DL31: 12.510994 | DM31: 1.0415825 | DN31: 0 | DO31: 0 | DP31: 0 | DQ31: 0 | DR31: 0 | DS31: 46.365397 | DT31: 57.973685 | DU31: 11.1 | DV31: NA | DW31: NA | DX31: NA | DY31: NA | DZ31: NA | EA31: NA | EB31: 76.909568 | EC31: NA | ED31: NA | EE31: NA | EF31: NA | EG31: NA | EH31: NA | EI31: 46.365397 | EJ31: 17.204302 | EK31: 11.1 | EL31: NA | EM31: NA | EN31: NA | EO31: NA | EP31: NA | EQ31: 10 | ER31: 0 | ES31: 10 | ET31: 1.0415825 | EU31: 0 | EV31: 1.0415825 | EW31: 100 | EX31: 100 | EY31: 11.1 | EZ31: NA | FA31: 11.1 | FB31: 33.333333 | FC31: 77.777778 | FD31: 60 | FE31: 90 | FF31: 200 | FG31: 200 | FH31: 0 | FI31: 0 | FJ31: NA | FK31: 76.909568 | FL31: NA | FM31: NA | FN31: NA | FO31: NA | FP31: NA | FQ31: NA | FR31: 26.666667 | FS31: 100 | FT31: 0 | FU31: 0
A32: BB46 | B32: Rebar | C32: UNBURNED | D32: 803 | E32: Yes | F32: 37.202912195 | G32: -122.25857316833331 | H32: 2 | I32: 2025|07-17 10:07 | J32: No | K32: SESE | L32: 21 | M32: 0 | N32: 0 | O32: 37 | P32: 149.09 | Q32: 79.795265 | R32: 0.25925926 | S32: 0.74074074 | T32: 0.48148148 | U32: 0.25925926 | V32: 0 | W32: 0 | X32: 0.25925926 | Y32: 0.22222222 | Z32: 0 | AA32: 0.25925926 | AB32: 0.25925926 | AC32: 0.74074074 | AD32: 0.48148148 | AE32: 0.25925926 | AF32: =_xlfn.XLOOKUP(A32, ceanothus_cover!$A:$A, ceanothus_cover!$D:$D, "") -> 49.004425 | AG32: =_xlfn.XLOOKUP(A32, ceanothus_cover!$A:$A, ceanothus_cover!$E:$E, "") -> 3.6347518 | AH32: 78.429204 | AI32: 21.570796 | AJ32: 3.0602559 | AK32: 1.4656321 | AL32: 2.805084 | AM32: 3.7206996 | AN32: 7.9914156 | AO32: 31.840544 | AP32: 0 | AQ32: 31.840544 | AR32: 31.840544 | AS32: 39.831959 | AT32: 2.25 | AU32: 1.625 | AV32: 150 | AW32: 20 | AX32: 130 | AY32: 86.666667 | AZ32: 245.97129 | BA32: 112.48896 | BB32: 133.48233 | BC32: 54.267443 | BD32: 44.042578 | BE32: 81.567303 | BF32: 34.85109 | BG32: 100 | BH32: 33.333333 | BI32: 100 | BJ32: NA | BK32: NA | BL32: NA | BM32: NA | BN32: NA | BO32: 100 | BP32: 10.399948 | BQ32: 100 | BR32: NA | BS32: NA | BT32: NA | BU32: NA | BV32: NA | BW32: 10 | BX32: 30 | BY32: 110 | BZ32: 0 | CA32: 0 | CB32: 0 | CC32: 0 | CD32: 0 | CE32: 0 | CF32: 20 | CG32: 0 | CH32: 0 | CI32: 0 | CJ32: 0 | CK32: 0 | CL32: 0 | CM32: 10 | CN32: 10 | CO32: 110 | CP32: 0 | CQ32: 0 | CR32: 0 | CS32: 0 | CT32: 0 | CU32: 22.421371 | CV32: 125.54564 | CW32: 98.004278 | CX32: 0 | CY32: 0 | CZ32: 0 | DA32: 0 | DB32: 0 | DC32: 0 | DD32: 112.48896 | DE32: 0 | DF32: 0 | DG32: 0 | DH32: 0 | DI32: 0 | DJ32: 0 | DK32: 22.421371 | DL32: 13.056681 | DM32: 98.004278 | DN32: 0 | DO32: 0 | DP32: 0 | DQ32: 0 | DR32: 0 | DS32: 51.5 | DT32: 70.358463 | DU32: 32.464022 | DV32: NA | DW32: NA | DX32: NA | DY32: NA | DZ32: NA | EA32: NA | EB32: 81.567303 | EC32: NA | ED32: NA | EE32: NA | EF32: NA | EG32: NA | EH32: NA | EI32: 51.5 | EJ32: 39.3 | EK32: 32.464022 | EL32: NA | EM32: NA | EN32: NA | EO32: NA | EP32: NA | EQ32: 110 | ER32: 0 | ES32: 110 | ET32: 98.004278 | EU32: 0 | EV32: 98.004278 | EW32: 100 | EX32: 100 | EY32: 32.464022 | EZ32: NA | FA32: 32.464022 | FB32: 88.888889 | FC32: 83.333333 | FD32: 90 | FE32: 60 | FF32: 0 | FG32: 0 | FH32: 0 | FI32: NA | FJ32: NA | FK32: 81.567303 | FL32: NA | FM32: NA | FN32: NA | FO32: NA | FP32: NA | FQ32: NA | FR32: 0 | FS32: 86.666667 | FT32: 0 | FU32: 6.6666667
A33: BB47 | B33: Rebar | C33: UNBURNED | D33: 657 | E33: Yes | F33: 37.202782211333336 | G33: -122.25688653583333 | H33: 1 | I33: 2025-07-17 13:41 | J33: No | K33: SESE | L33: 0 | M33: 0 | N33: 0 | O33: 8.4499998 | P33: 164.92 | Q33: 96.929164 | R33: 0.77419355 | S33: 0.22580645 | T33: 0 | U33: 0.22580645 | V33: 0 | W33: 0 | X33: 0.22580645 | Y33: 0 | Z33: 0 | AA33: 0 | AB33: 0.77419355 | AC33: 0.22580645 | AD33: 0 | AE33: 0.22580645 | AF33: =_xlfn.XLOOKUP(A33, ceanothus_cover!$A:$A, ceanothus_cover!$D:$D, "") -> 75.774336 | AG33: =_xlfn.XLOOKUP(A33, ceanothus_cover!$A:$A, ceanothus_cover!$E:$E, "") -> 4.8884098 | AH33: 94.358407 | AI33: 5.6415929 | AJ33: 4.6016312 | AK33: 1.5144865 | AL33: 2.805084 | AM33: 12.402332 | AN33: 16.721902 | AO33: 84.307665 | AP33: 26.444984 | AQ33: 110.75265 | AR33: 110.75265 | AS33: 127.47455 | AT33: 4.25 | AU33: 2 | AV33: 50 | AW33: 0 | AX33: 50 | AY33: 100 | AZ33: 45.341426 | BA33: 0 | BB33: 45.341426 | BC33: 100 | BD33: 32.752069 | BE33: NA | BF33: 32.752069 | BG33: NA | BH33: NA | BI33: 100 | BJ33: NA | BK33: NA | BL33: NA | BM33: NA | BN33: NA | BO33: NA | BP33: NA | BQ33: 100 | BR33: NA | BS33: NA | BT33: NA | BU33: NA | BV33: NA | BW33: 0 | BX33: 0 | BY33: 50 | BZ33: 0 | CA33: 0 | CB33: 0 | CC33: 0 | CD33: 0 | CE33: 0 | CF33: 0 | CG33: 0 | CH33: 0 | CI33: 0 | CJ33: 0 | CK33: 0 | CL33: 0 | CM33: 0 | CN33: 0 | CO33: 50 | CP33: 0 | CQ33: 0 | CR33: 0 | CS33: 0 | CT33: 0 | CU33: 0 | CV33: 0 | CW33: 45.341426 | CX33: 0 | CY33: 0 | CZ33: 0 | DA33: 0 | DB33: 0 | DC33: 0 | DD33: 0 | DE33: 0 | DF33: 0 | DG33: 0 | DH33: 0 | DI33: 0 | DJ33: 0 | DK33: 0 | DL33: 0 | DM33: 45.341426 | DN33: 0 | DO33: 0 | DP33: 0 | DQ33: 0 | DR33: 0 | DS33: NA | DT33: NA | DU33: 32.752069 | DV33: NA | DW33: NA | DX33: NA | DY33: NA | DZ33: NA | EA33: NA | EB33: NA | EC33: NA | ED33: NA | EE33: NA | EF33: NA | EG33: NA | EH33: NA | EI33: NA | EJ33: NA | EK33: 32.752069 | EL33: NA | EM33: NA | EN33: NA | EO33: NA | EP33: NA | EQ33: 50 | ER33: 0 | ES33: 50 | ET33: 45.341426 | EU33: 0 | EV33: 45.341426 | EW33: 100 | EX33: 100 | EY33: 32.752069 | EZ33: NA | FA33: 32.752069 | FB33: 100 | FC33: 100 | FD33: 30 | FE33: 20 | FF33: 0 | FG33: 0 | FH33: 0 | FI33: NA | FJ33: NA | FK33: NA | FL33: NA | FM33: NA | FN33: NA | FO33: NA | FP33: NA | FQ33: NA | FR33: 0 | FS33: 100 | FT33: 0 | FU33: 0
A34: BB6 | B34: Rebar | C34: UNBURNED | D34: 745 | E34: Yes | F34: 37.193974970666666 | G34: -122.25879446683334 | H34: 1 | I34: 2025-07-16 16:40 | J34: No | K34: SESE | L34: 0 | M34: 0 | N34: 0 | O34: 0 | P34: 135.22 | Q34: 65.06643 | R34: 0.092896175 | S34: 0.90710383 | T34: 0.90710383 | U34: 0 | V34: 0 | W34: 0 | X34: 0 | Y34: 0.81967213 | Z34: 0 | AA34: 0.087431694 | AB34: 0.092896175 | AC34: 0.90710383 | AD34: 0.90710383 | AE34: 0 | AF34: =_xlfn.XLOOKUP(A34, ceanothus_cover!$A:$A, ceanothus_cover!$D:$D, "") -> 46.460177 | AG34: =_xlfn.XLOOKUP(A34, ceanothus_cover!$A:$A, ceanothus_cover!$E:$E, "") -> 4.8530738 | AH34: 92.809735 | AI34: 7.1902655 | AJ34: 4.52906 | AK34: 0.99337287 | AL34: 3.4284359 | AM34: 8.6816324 | AN34: 13.103441 | AO34: 0 | AP34: 0 | AQ34: 0 | AR34: 0 | AS34: 13.103441 | AT34: 0.25 | AU34: 0.5 | AV34: 60 | AW34: 30 | AX34: 30 | AY34: 50 | AZ34: 229.9876 | BA34: 172.89542 | BB34: 57.092177 | BC34: 24.824025 | BD34: 67.33684 | BE34: 82.567144 | BF34: 47.446461 | BG34: NA | BH34: 40 | BI34: 100 | BJ34: NA | BK34: NA | BL34: NA | BM34: NA | BN34: NA | BO34: NA | BP34: 9.1557194 | BQ34: 100 | BR34: NA | BS34: NA | BT34: NA | BU34: NA | BV34: NA | BW34: 0 | BX34: 50 | BY34: 10 | BZ34: 0 | CA34: 0 | CB34: 0 | CC34: 0 | CD34: 0 | CE34: 0 | CF34: 30 | CG34: 0 | CH34: 0 | CI34: 0 | CJ34: 0 | CK34: 0 | CL34: 0 | CM34: 0 | CN34: 20 | CO34: 10 | CP34: 0 | CQ34: 0 | CR34: 0 | CS34: 0 | CT34: 0 | CU34: 0 | CV34: 190.32064 | CW34: 39.666953 | CX34: 0 | CY34: 0 | CZ34: 0 | DA34: 0 | DB34: 0 | DC34: 0 | DD34: 172.89542 | DE34: 0 | DF34: 0 | DG34: 0 | DH34: 0 | DI34: 0 | DJ34: 0 | DK34: 0 | DL34: 17.425224 | DM34: 39.666953 | DN34: 0 | DO34: 0 | DP34: 0 | DQ34: 0 | DR34: 0 | DS34: NA | DT34: 67.101788 | DU34: 68.5 | DV34: NA | DW34: NA | DX34: NA | DY34: NA | DZ34: NA | EA34: NA | EB34: 82.567144 | EC34: NA | ED34: NA | EE34: NA | EF34: NA | EG34: NA | EH34: NA | EI34: NA | EJ34: 32.103349 | EK34: 68.5 | EL34: NA | EM34: NA | EN34: NA | EO34: NA | EP34: NA | EQ34: 10 | ER34: 0 | ES34: 10 | ET34: 39.666953 | EU34: 0 | EV34: 39.666953 | EW34: 100 | EX34: 100 | EY34: 68.5 | EZ34: NA | FA34: 68.5 | FB34: 40 | FC34: 100 | FD34: 50 | FE34: 10 | FF34: 800 | FG34: 800 | FH34: 0 | FI34: 0 | FJ34: NA | FK34: 82.567144 | FL34: NA | FM34: NA | FN34: NA | FO34: NA | FP34: NA | FQ34: NA | FR34: 50 | FS34: 83.333333 | FT34: 0 | FU34: 0
A35: BB7 | B35: Stake | C35: UNBURNED | D35: 431 | E35: Yes | F35: 37.194017235 | G35: -122.26199408666668 | H35: 1 | I35: 2025-07-14 10:42 | J35: No | K35: SESE | L35: 0 | M35: 1 | N35: 0 | O35: 0 | P35: 109.39 | Q35: 58.527688 | R35: 0.28695652 | S35: 0.71304348 | T35: 0.29565217 | U35: 0.4173913 | V35: 0 | W35: 0 | X35: 0.36521739 | Y35: 0.20869565 | Z35: 0.052173913 | AA35: 0.086956522 | AB35: 0.28695652 | AC35: 0.71304348 | AD35: 0.29565217 | AE35: 0.4173913 | AF35: =_xlfn.XLOOKUP(A35, ceanothus_cover!$A:$A, ceanothus_cover!$D:$D, "") -> 92.920354 | AG35: =_xlfn.XLOOKUP(A35, ceanothus_cover!$A:$A, ceanothus_cover!$E:$E, "") -> 4.1159794 | AH35: 92.920354 | AI35: 7.079646 | AJ35: 4.1159794 | AK35: 0.89566406 | AL35: 6.2335199 | AM35: 6.201166 | AN35: 13.33035 | AO35: 72.881183 | AP35: 0 | AQ35: 72.881183 | AR35: 72.881183 | AS35: 86.211533 | AT35: 1.125 | AU35: 2.525 | AV35: 180 | AW35: 70 | AX35: 110 | AY35: 61.111111 | AZ35: 195.53033 | BA35: 116.84212 | BB35: 78.688211 | BC35: 40.243481 | BD35: 35.846517 | BE35: 44.435169 | BF35: 29.089392 | BG35: 0 | BH35: 25 | BI35: 100 | BJ35: 100 | BK35: 100 | BL35: NA | BM35: NA | BN35: NA | BO35: 0 | BP35: 1.9239211 | BQ35: 100 | BR35: 100 | BS35: 100 | BT35: NA | BU35: NA | BV35: NA | BW35: 10 | BX35: 80 | BY35: 10 | BZ35: 10 | CA35: 70 | CB35: 0 | CC35: 0 | CD35: 0 | CE35: 10 | CF35: 60 | CG35: 0 | CH35: 0 | CI35: 0 | CJ35: 0 | CK35: 0 | CL35: 0 | CM35: 0 | CN35: 20 | CO35: 10 | CP35: 10 | CQ35: 70 | CR35: 0 | CS35: 0 | CT35: 0 | CU35: 5.0330049 | CV35: 114.00243 | CW35: 9.0948468 | CX35: 6.0717976 | CY35: 61.32825 | CZ35: 0 | DA35: 0 | DB35: 0 | DC35: 5.0330049 | DD35: 111.80911 | DE35: 0 | DF35: 0 | DG35: 0 | DH35: 0 | DI35: 0 | DJ35: 0 | DK35: 0 | DL35: 2.1933169 | DM35: 9.0948468 | DN35: 6.0717976 | DO35: 61.32825 | DP35: 0 | DQ35: 0 | DR35: 0 | DS35: 24.4 | DT35: 41.057094 | DU35: 32.8 | DV35: 26.8 | DW35: 32.192701 | DX35: NA | DY35: NA | DZ35: NA | EA35: 24.4 | EB35: 46.950382 | EC35: NA | ED35: NA | EE35: NA | EF35: NA | EG35: NA | EH35: NA | EI35: NA | EJ35: 11.389688 | EK35: 32.8 | EL35: 26.8 | EM35: 32.192701 | EN35: NA | EO35: NA | EP35: NA | EQ35: 90 | ER35: 0 | ES35: 90 | ET35: 76.494895 | EU35: 0 | EV35: 76.494895 | EW35: 100 | EX35: 100 | EY35: 31.708166 | EZ35: NA | FA35: 31.708166 | FB35: 50 | FC35: 70 | FD35: 80 | FE35: 100 | FF35: 0 | FG35: 0 | FH35: 0 | FI35: NA | FJ35: 24.4 | FK35: 46.950382 | FL35: NA | FM35: NA | FN35: NA | FO35: NA | FP35: NA | FQ35: NA | FR35: 33.333333 | FS35: 100 | FT35: 0 | FU35: 0
A36: BB8 | B36: Stake | C36: UNBURNED | D36: 691 | E36: Yes | F36: 37.19443067333333 | G36: -122.26219438833333 | H36: 1 | I36: 2025-07-14 10:42 | J36: No | K36: SESE | L36: 0 | M36: 0 | N36: 0 | O36: 0 | P36: 112.64999 | Q36: 62.955041 | R36: 1 | S36: 0 | T36: 0 | U36: 0 | V36: 0 | W36: 0 | X36: 0 | Y36: 0 | Z36: 0 | AA36: 0 | AB36: 1 | AC36: 0 | AD36: 0 | AE36: 0 | AF36: =_xlfn.XLOOKUP(A36, ceanothus_cover!$A:$A, ceanothus_cover!$D:$D, "") -> 100 | AG36: =_xlfn.XLOOKUP(A36, ceanothus_cover!$A:$A, ceanothus_cover!$E:$E, "") -> 5 | AH36: 100 | AI36: 0 | AJ36: 5 | AK36: 1.5959105 | AL36: 3.7401119 | AM36: 14.882798 | AN36: 20.218821 | AO36: 25.222479 | AP36: 0 | AQ36: 25.222479 | AR36: 25.222479 | AS36: 45.4413 | AT36: 0.375 | AU36: 3.275 | AV36: 100 | AW36: 20 | AX36: 80 | AY36: 80 | AZ36: 214.72154 | BA36: 82.070459 | BB36: 132.65108 | BC36: 61.778189 | BD36: 50.398075 | BE36: 69.671407 | BF36: 44.288049 | BG36: 100 | BH36: 33.333333 | BI36: NA | BJ36: NA | BK36: 100 | BL36: NA | BM36: NA | BN36: NA | BO36: 100 | BP36: 6.7456193 | BQ36: NA | BR36: NA | BS36: 100 | BT36: NA | BU36: NA | BV36: NA | BW36: 30 | BX36: 30 | BY36: 0 | BZ36: 0 | CA36: 40 | CB36: 0 | CC36: 0 | CD36: 0 | CE36: 0 | CF36: 20 | CG36: 0 | CH36: 0 | CI36: 0 | CJ36: 0 | CK36: 0 | CL36: 0 | CM36: 30 | CN36: 10 | CO36: 0 | CP36: 0 | CQ36: 40 | CR36: 0 | CS36: 0 | CT36: 0 | CU36: 78.148357 | CV36: 88.007082 | CW36: 0 | CX36: 0 | CY36: 48.566096 | CZ36: 0 | DA36: 0 | DB36: 0 | DC36: 0 | DD36: 82.070459 | DE36: 0 | DF36: 0 | DG36: 0 | DH36: 0 | DI36: 0 | DJ36: 0 | DK36: 78.148357 | DL36: 5.9366227 | DM36: 0 | DN36: 0 | DO36: 48.566096 | DP36: 0 | DQ36: 0 | DR36: 0 | DS36: 55.51054 | DT36: 58.908007 | DU36: NA | DV36: NA | DW36: 37.897691 | DX36: NA | DY36: NA | DZ36: NA | EA36: NA | EB36: 69.671407 | EC36: NA | ED36: NA | EE36: NA | EF36: NA | EG36: NA | EH36: NA | EI36: 55.51054 | EJ36: 26.5 | EK36: NA | EL36: NA | EM36: 37.897691 | EN36: NA | EO36: NA | EP36: NA | EQ36: 40 | ER36: 0 | ES36: 40 | ET36: 48.566096 | EU36: 0 | EV36: 48.566096 | EW36: 100 | EX36: 100 | EY36: 37.897691 | EZ36: NA | FA36: 37.897691 | FB36: 75 | FC36: 100 | FD36: 80 | FE36: 20 | FF36: 0 | FG36: 0 | FH36: 0 | FI36: NA | FJ36: NA | FK36: 69.671407 | FL36: NA | FM36: NA | FN36: NA | FO36: NA | FP36: NA | FQ36: NA | FR36: 20 | FS36: 80 | FT36: 0 | FU36: 0
A37: CD1 | B37: Rebar | C37: UNBURNED | D37: UNBURNED | E37: Yes | F37: 37.02148714333334 | G37: -122.15327431333333 | H37: 1 | I37: 2025-08-05 09:59 | J37: No | K37: SESE | L37: 0 | M37: 0 | N37: 0 | O37: 47.799999 | P37: 167.78999 | Q37: 118.70149 | R37: 0.0044843049 | S37: 0.9955157 | T37: 0.9955157 | U37: 0 | V37: 0 | W37: 0 | X37: 0 | Y37: 0.83408072 | Z37: 0 | AA37: 0.16143498 | AB37: 0.0044843049 | AC37: 0.9955157 | AD37: 0.9955157 | AE37: 0 | AF37: 0 | AG37: NA | AH37: 0.86283186 | AI37: 99.137168 | AJ37: 0.30769231 | AK37: 0.91194886 | AL37: 2.493408 | AM37: 2.4804664 | AN37: 5.8858232 | AO37: 4.8479089 | AP37: 0 | AQ37: 4.8479089 | AR37: 4.8479089 | AS37: 10.733732 | AT37: 7 | AU37: 6 | AV37: 160 | AW37: 160 | AX37: 0 | AY37: 0 | AZ37: 394.87574 | BA37: 394.87574 | BB37: 0 | BC37: 0 | BD37: 54.03142 | BE37: 54.03142 | BF37: NA | BG37: NA | BH37: 0 | BI37: 0 | BJ37: NA | BK37: NA | BL37: NA | BM37: NA | BN37: NA | BO37: NA | BP37: 0 | BQ37: 0 | BR37: NA | BS37: NA | BT37: NA | BU37: NA | BV37: NA | BW37: 0 | BX37: 120 | BY37: 40 | BZ37: 0 | CA37: 0 | CB37: 0 | CC37: 0 | CD37: 0 | CE37: 0 | CF37: 120 | CG37: 40 | CH37: 0 | CI37: 0 | CJ37: 0 | CK37: 0 | CL37: 0 | CM37: 0 | CN37: 0 | CO37: 0 | CP37: 0 | CQ37: 0 | CR37: 0 | CS37: 0 | CT37: 0 | CU37: 0 | CV37: 344.82584 | CW37: 50.049893 | CX37: 0 | CY37: 0 | CZ37: 0 | DA37: 0 | DB37: 0 | DC37: 0 | DD37: 344.82584 | DE37: 50.049893 | DF37: 0 | DG37: 0 | DH37: 0 | DI37: 0 | DJ37: 0 | DK37: 0 | DL37: 0 | DM37: 0 | DN37: 0 | DO37: 0 | DP37: 0 | DQ37: 0 | DR37: 0 | DS37: NA | DT37: 58.302266 | DU37: 38.472263 | DV37: NA | DW37: NA | DX37: NA | DY37: NA | DZ37: NA | EA37: NA | EB37: 58.302266 | EC37: 38.472263 | ED37: NA | EE37: NA | EF37: NA | EG37: NA | EH37: NA | EI37: NA | EJ37: NA | EK37: NA | EL37: NA | EM37: NA | EN37: NA | EO37: NA | EP37: NA | EQ37: 40 | ER37: 40 | ES37: 0 | ET37: 50.049893 | EU37: 50.049893 | EV37: 0 | EW37: 0 | EX37: 0 | EY37: 38.472263 | EZ37: 38.472263 | FA37: NA | FB37: 0 | FC37: 0 | FD37: 80 | FE37: 80 | FF37: 0 | FG37: 0 | FH37: 0 | FI37: NA | FJ37: NA | FK37: 58.302266 | FL37: 38.472263 | FM37: NA | FN37: NA | FO37: NA | FP37: NA | FQ37: NA | FR37: 6.25 | FS37: 100 | FT37: 0 | FU37: 0
A38: CD11 | B38: Stake | C38: YES | D38: 100 | E38: Yes | F38: 37.04409960483333 | G38: -122.213248315 | H38: 1 | I38: 2025-08-06 14:21 | J38: No | K38: SESE | L38: 2 | M38: 0 | N38: 0 | O38: 0.41999999 | P38: 140.75999 | Q38: 112.31974 | R38: 0.01010101 | S38: 0.98989899 | T38: 0.98989899 | U38: 0 | V38: 0 | W38: 0 | X38: 0 | Y38: 0 | Z38: 0 | AA38: 0.98989899 | AB38: 0.01010101 | AC38: 0.98989899 | AD38: 0.98989899 | AE38: 0 | AF38: =_xlfn.XLOOKUP(A38, ceanothus_cover!$A:$A, ceanothus_cover!$D:$D, "") -> 2.2123894 | AG38: =_xlfn.XLOOKUP(A38, ceanothus_cover!$A:$A, ceanothus_cover!$E:$E, "") -> 1 | AH38: 73.893805 | AI38: 26.106195 | AJ38: 0.2359969 | AK38: 1.3027841 | AL38: 1.870056 | AM38: 1.2402332 | AN38: 4.4130733 | AO38: 73.485563 | AP38: 0 | AQ38: 73.485563 | AR38: 73.485563 | AS38: 77.898636 | AT38: 7 | AU38: 5.75 | AV38: 160 | AW38: 120 | AX38: 40 | AY38: 25 | AZ38: 643.51358 | BA38: 626.59389 | BB38: 16.919692 | BC38: 2.6292672 | BD38: 68.975526 | BE38: 78.592048 | BF38: 22.368784 | BG38: NA | BH38: 25 | BI38: NA | BJ38: NA | BK38: NA | BL38: NA | BM38: NA | BN38: NA | BO38: NA | BP38: 2.6292672 | BQ38: NA | BR38: NA | BS38: NA | BT38: NA | BU38: NA | BV38: NA | BW38: 0 | BX38: 160 | BY38: 0 | BZ38: 0 | CA38: 0 | CB38: 0 | CC38: 0 | CD38: 0 | CE38: 0 | CF38: 120 | CG38: 0 | CH38: 0 | CI38: 0 | CJ38: 0 | CK38: 0 | CL38: 0 | CM38: 0 | CN38: 40 | CO38: 0 | CP38: 0 | CQ38: 0 | CR38: 0 | CS38: 0 | CT38: 0 | CU38: 0 | CV38: 643.51358 | CW38: 0 | CX38: 0 | CY38: 0 | CZ38: 0 | DA38: 0 | DB38: 0 | DC38: 0 | DD38: 626.59389 | DE38: 0 | DF38: 0 | DG38: 0 | DH38: 0 | DI38: 0 | DJ38: 0 | DK38: 0 | DL38: 16.919692 | DM38: 0 | DN38: 0 | DO38: 0 | DP38: 0 | DQ38: 0 | DR38: 0 | DS38: NA | DT38: 68.975526 | DU38: NA | DV38: NA | DW38: NA | DX38: NA | DY38: NA | DZ38: NA | EA38: NA | EB38: 78.592048 | EC38: NA | ED38: NA | EE38: NA | EF38: NA | EG38: NA | EH38: NA | EI38: NA | EJ38: 22.368784 | EK38: NA | EL38: NA | EM38: NA | EN38: NA | EO38: NA | EP38: NA | EQ38: 0 | ER38: 0 | ES38: 0 | ET38: 0 | EU38: 0 | EV38: 0 | EW38: NA | EX38: NA | EY38: NA | EZ38: NA | FA38: NA | FB38: 0 | FC38: 66.666667 | FD38: 100 | FE38: 60 | FF38: 0 | FG38: 0 | FH38: 0 | FI38: NA | FJ38: NA | FK38: 78.592048 | FL38: NA | FM38: NA | FN38: NA | FO38: NA | FP38: NA | FQ38: NA | FR38: 12.5 | FS38: 81.25 | FT38: 0 | FU38: 6.25
A39: CD13 | B39: Stake | C39: YES | D39: 139 | E39: Yes | F39: 37.045869433333344 | G39: -122.21253516333334 | H39: 2 | I39: 2025-08-06 15:24 | J39: No | K39: SESE | L39: 0 | M39: 8 | N39: 0 | O39: 92.970001 | P39: 123.75 | Q39: 109.8277 | R39: 0.041666667 | S39: 0.95833333 | T39: 0.95833333 | U39: 0 | V39: 0 | W39: 0 | X39: 0 | Y39: 0 | Z39: 0 | AA39: 0.95833333 | AB39: 0.041666667 | AC39: 0.95833333 | AD39: 0.95833333 | AE39: 0 | AF39: 0 | AG39: NA | AH39: 0.77433628 | AI39: 99.225664 | AJ39: 0.2 | AK39: 1.0747969 | AL39: 2.805084 | AM39: 8.6816324 | AN39: 12.561513 | AO39: 80.28865 | AP39: 1.3254893 | AQ39: 81.614139 | AR39: 81.614139 | AS39: 94.175653 | AT39: 3.25 | AU39: 5.125 | AV39: 280 | AW39: 220 | AX39: 60 | AY39: 21.428571 | AZ39: 624.33176 | BA39: 583.48831 | BB39: 40.843457 | BC39: 6.5419476 | BD39: 51.357615 | BE39: 56.011975 | BF39: 28.376692 | BG39: NA | BH39: 21.428571 | BI39: NA | BJ39: NA | BK39: NA | BL39: NA | BM39: NA | BN39: NA | BO39: NA | BP39: 6.5419476 | BQ39: NA | BR39: NA | BS39: NA | BT39: NA | BU39: NA | BV39: NA | BW39: 0 | BX39: 280 | BY39: 0 | BZ39: 0 | CA39: 0 | CB39: 0 | CC39: 0 | CD39: 0 | CE39: 0 | CF39: 220 | CG39: 0 | CH39: 0 | CI39: 0 | CJ39: 0 | CK39: 0 | CL39: 0 | CM39: 0 | CN39: 60 | CO39: 0 | CP39: 0 | CQ39: 0 | CR39: 0 | CS39: 0 | CT39: 0 | CU39: 0 | CV39: 624.33176 | CW39: 0 | CX39: 0 | CY39: 0 | CZ39: 0 | DA39: 0 | DB39: 0 | DC39: 0 | DD39: 583.48831 | DE39: 0 | DF39: 0 | DG39: 0 | DH39: 0 | DI39: 0 | DJ39: 0 | DK39: 0 | DL39: 40.843457 | DM39: 0 | DN39: 0 | DO39: 0 | DP39: 0 | DQ39: 0 | DR39: 0 | DS39: NA | DT39: 51.357615 | DU39: NA | DV39: NA | DW39: NA | DX39: NA | DY39: NA | DZ39: NA | EA39: NA | EB39: 56.011975 | EC39: NA | ED39: NA | EE39: NA | EF39: NA | EG39: NA | EH39: NA | EI39: NA | EJ39: 28.376692 | EK39: NA | EL39: NA | EM39: NA | EN39: NA | EO39: NA | EP39: NA | EQ39: 0 | ER39: 0 | ES39: 0 | ET39: 0 | EU39: 0 | EV39: 0 | EW39: NA | EX39: NA | EY39: NA | EZ39: NA | FA39: NA | FB39: 8.3333333 | FC39: 100 | FD39: 240 | FE39: 40 | FF39: 0 | FG39: 0 | FH39: 0 | FI39: NA | FJ39: NA | FK39: 56.011975 | FL39: NA | FM39: NA | FN39: NA | FO39: NA | FP39: NA | FQ39: NA | FR39: 67.857143 | FS39: 89.285714 | FT39: 0 | FU39: 0
A40: CD14 | B40: Stake | C40: YES | D40: 124 | E40: No | F40: 37.04552030600001 | G40: -122.20937961216664 | H40: 1 | I40: 2025-08-06 17:16 | J40: No | K40: SESE | L40: 0 | M40: 21 | N40: 0 | O40: 0.039999999 | P40: 117.41 | Q40: 80.895309 | R40: 0.036585366 | S40: 0.96341463 | T40: 0.62195122 | U40: 0.34146341 | V40: 0.30487805 | W40: 0.46341463 | X40: 0 | Y40: 0 | Z40: 0.036585366 | AA40: 0.15853659 | AB40: 0.036585366 | AC40: 0.96341463 | AD40: 0.62195122 | AE40: 0.34146341 | AF40: =_xlfn.XLOOKUP(A40, ceanothus_cover!$A:$A, ceanothus_cover!$D:$D, "") -> 31.792035 | AG40: =_xlfn.XLOOKUP(A40, ceanothus_cover!$A:$A, ceanothus_cover!$E:$E, "") -> 1.3110818 | AH40: 34.579646 | AI40: 65.420354 | AJ40: 1.2800475 | AK40: 1.8564673 | AL40: 4.0517879 | AM40: 6.201166 | AN40: 12.109421 | AO40: 2.6400692 | AP40: 0 | AQ40: 2.6400692 | AR40: 2.6400692 | AS40: 14.74949 | AT40: 1.5 | AU40: 1.625 | AV40: 100 | AW40: 80 | AX40: 20 | AY40: 20 | AZ40: 313.40879 | BA40: 255.59889 | BB40: 57.809898 | BC40: 18.445525 | BD40: 60.888004 | BE40: 61.476713 | BF40: 58.473926 | BG40: 33.333333 | BH40: 0 | BI40: NA | BJ40: NA | BK40: NA | BL40: NA | BM40: NA | BN40: NA | BO40: 25.174876 | BP40: 0 | BQ40: NA | BR40: NA | BS40: NA | BT40: NA | BU40: NA | BV40: NA | BW40: 60 | BX40: 40 | BY40: 0 | BZ40: 0 | CA40: 0 | CB40: 0 | CC40: 0 | CD40: 0 | CE40: 40 | CF40: 40 | CG40: 0 | CH40: 0 | CI40: 0 | CJ40: 0 | CK40: 0 | CL40: 0 | CM40: 20 | CN40: 0 | CO40: 0 | CP40: 0 | CQ40: 0 | CR40: 0 | CS40: 0 | CT40: 0 | CU40: 229.6333 | CV40: 83.775489 | CW40: 0 | CX40: 0 | CY40: 0 | CZ40: 0 | DA40: 0 | DB40: 0 | DC40: 171.8234 | DD40: 83.775489 | DE40: 0 | DF40: 0 | DG40: 0 | DH40: 0 | DI40: 0 | DJ40: 0 | DK40: 57.809898 | DL40: 0 | DM40: 0 | DN40: 0 | DO40: 0 | DP40: 0 | DQ40: 0 | DR40: 0 | DS40: 67.284954 | DT40: 49.77424 | DU40: NA | DV40: NA | DW40: NA | DX40: NA | DY40: NA | DZ40: NA | EA40: 71.28322 | EB40: 49.77424 | EC40: NA | ED40: NA | EE40: NA | EF40: NA | EG40: NA | EH40: NA | EI40: 58.473926 | EJ40: NA | EK40: NA | EL40: NA | EM40: NA | EN40: NA | EO40: NA | EP40: NA | EQ40: 0 | ER40: 0 | ES40: 0 | ET40: 0 | EU40: 0 | EV40: 0 | EW40: NA | EX40: NA | EY40: NA | EZ40: NA | FA40: NA | FB40: 12.5 | FC40: 50 | FD40: 80 | FE40: 20 | FF40: 0 | FG40: 0 | FH40: 0 | FI40: NA | FJ40: 71.28322 | FK40: 49.77424 | FL40: NA | FM40: NA | FN40: NA | FO40: NA | FP40: NA | FQ40: NA | FR40: 0 | FS40: 100 | FT40: 0 | FU40: 0
A41: CD15 | B41: Stake | C41: YES | D41: 107 | E41: Yes | F41: 37.045834533333334 | G41: -122.20967246000001 | H41: 2 | I41: 2025-08-06 16:58 | J41: No | K41: SESE | L41: 0 | M41: 10 | N41: 0 | O41: 61.290001 | P41: 106.14 | Q41: 87.791274 | R41: 0 | S41: 1 | T41: 1 | U41: 0 | V41: 0 | W41: 0 | X41: 0 | Y41: 0 | Z41: 0 | AA41: 1 | AB41: 0 | AC41: 1 | AD41: 1 | AE41: 0 | AF41: 0 | AG41: NA | AH41: 0 | AI41: 100 | AK41: 2.5241442 | AL41: 7.1685479 | AM41: 7.4413992 | AN41: 17.134091 | AO41: 24.906107 | AP41: 0 | AQ41: 24.906107 | AR41: 24.906107 | AS41: 42.040199 | AT41: 1.25 | AU41: 1.375 | AV41: 530 | AW41: 430 | AX41: 100 | AY41: 18.867925 | AZ41: 388.21801 | BA41: 368.55965 | BB41: 19.658358 | BC41: 5.0637418 | BD41: 29.435814 | BE41: 31.841669 | BF41: 15.249295 | BG41: NA | BH41: 18.867925 | BI41: NA | BJ41: NA | BK41: NA | BL41: NA | BM41: NA | BN41: NA | BO41: NA | BP41: 5.0637418 | BQ41: NA | BR41: NA | BS41: NA | BT41: NA | BU41: NA | BV41: NA | BW41: 0 | BX41: 530 | BY41: 0 | BZ41: 0 | CA41: 0 | CB41: 0 | CC41: 0 | CD41: 0 | CE41: 0 | CF41: 430 | CG41: 0 | CH41: 0 | CI41: 0 | CJ41: 0 | CK41: 0 | CL41: 0 | CM41: 0 | CN41: 100 | CO41: 0 | CP41: 0 | CQ41: 0 | CR41: 0 | CS41: 0 | CT41: 0 | CU41: 0 | CV41: 388.21801 | CW41: 0 | CX41: 0 | CY41: 0 | CZ41: 0 | DA41: 0 | DB41: 0 | DC41: 0 | DD41: 368.55965 | DE41: 0 | DF41: 0 | DG41: 0 | DH41: 0 | DI41: 0 | DJ41: 0 | DK41: 0 | DL41: 19.658358 | DM41: 0 | DN41: 0 | DO41: 0 | DP41: 0 | DQ41: 0 | DR41: 0 | DS41: NA | DT41: 29.435814 | DU41: NA | DV41: NA | DW41: NA | DX41: NA | DY41: NA | DZ41: NA | EA41: NA | EB41: 31.841669 | EC41: NA | ED41: NA | EE41: NA | EF41: NA | EG41: NA | EH41: NA | EI41: NA | EJ41: 15.249295 | EK41: NA | EL41: NA | EM41: NA | EN41: NA | EO41: NA | EP41: NA | EQ41: 0 | ER41: 0 | ES41: 0 | ET41: 0 | EU41: 0 | EV41: 0 | EW41: NA | EX41: NA | EY41: NA | EZ41: NA | FA41: NA | FB41: 0 | FC41: 29.411765 | FD41: 190 | FE41: 340 | FF41: 100 | FG41: 0 | FH41: 100 | FI41: 100 | FJ41: NA | FK41: 31.841669 | FL41: NA | FM41: NA | FN41: NA | FO41: NA | FP41: NA | FQ41: NA | FR41: 33.962264 | FS41: 84.90566 | FT41: 0 | FU41: 0
A42: CD16 | B42: Stake | C42: YES | D42: UNBURNED | E42: Yes | F42: 37.04006574249999 | G42: -122.20691538649999 | H42: 1 | I42: 2025-08-06 09:40 | J42: No | K42: SESE | L42: 0 | M42: 0 | N42: 0 | O42: 44.650002 | P42: 76.93 | Q42: 66.029747 | R42: 0 | S42: 1 | T42: 1 | U42: 0 | V42: 0 | W42: 0 | X42: 0 | Y42: 0 | Z42: 0 | AA42: 1 | AB42: 0 | AC42: 1 | AD42: 1 | AE42: 0 | AF42: 0 | AG42: NA | AH42: 3.4734513 | AI42: 96.526549 | AJ42: 0.1023 | AK42: 0.84680966 | AL42: 3.1167599 | AM42: 4.9609328 | AN42: 8.9245024 | AO42: 0 | AP42: 0 | AQ42: 0 | AR42: 0 | AS42: 8.9245024 | AT42: 12.625 | AU42: 4.375 | AV42: 480 | AW42: 350 | AX42: 130 | AY42: 27.083333 | AZ42: 484.47474 | BA42: 445.15033 | BB42: 39.324409 | BC42: 8.1169162 | BD42: 34.553425 | BE42: 38.787829 | BF42: 18.916273 | BG42: NA | BH42: 27.083333 | BI42: NA | BJ42: NA | BK42: NA | BL42: NA | BM42: NA | BN42: NA | BO42: NA | BP42: 8.1169162 | BQ42: NA | BR42: NA | BS42: NA | BT42: NA | BU42: NA | BV42: NA | BW42: 0 | BX42: 480 | BY42: 0 | BZ42: 0 | CA42: 0 | CB42: 0 | CC42: 0 | CD42: 0 | CE42: 0 | CF42: 350 | CG42: 0 | CH42: 0 | CI42: 0 | CJ42: 0 | CK42: 0 | CL42: 0 | CM42: 0 | CN42: 130 | CO42: 0 | CP42: 0 | CQ42: 0 | CR42: 0 | CS42: 0 | CT42: 0 | CU42: 0 | CV42: 484.47474 | CW42: 0 | CX42: 0 | CY42: 0 | CZ42: 0 | DA42: 0 | DB42: 0 | DC42: 0 | DD42: 445.15033 | DE42: 0 | DF42: 0 | DG42: 0 | DH42: 0 | DI42: 0 | DJ42: 0 | DK42: 0 | DL42: 39.324409 | DM42: 0 | DN42: 0 | DO42: 0 | DP42: 0 | DQ42: 0 | DR42: 0 | DS42: NA | DT42: 34.553425 | DU42: NA | DV42: NA | DW42: NA | DX42: NA | DY42: NA | DZ42: NA | EA42: NA | EB42: 38.787829 | EC42: NA | ED42: NA | EE42: NA | EF42: NA | EG42: NA | EH42: NA | EI42: NA | EJ42: 18.916273 | EK42: NA | EL42: NA | EM42: NA | EN42: NA | EO42: NA | EP42: NA | EQ42: 0 | ER42: 0 | ES42: 0 | ET42: 0 | EU42: 0 | EV42: 0 | EW42: NA | EX42: NA | EY42: NA | EZ42: NA | FA42: NA | FB42: 0 | FC42: 65 | FD42: 280 | FE42: 200 | FF42: 0 | FG42: 0 | FH42: 0 | FI42: NA | FJ42: NA | FK42: 38.787829 | FL42: NA | FM42: NA | FN42: NA | FO42: NA | FP42: NA | FQ42: NA | FR42: 25 | FS42: 87.5 | FT42: 0 | FU42: 0
A43: CD18 | B43: Stake | C43: UNBURNED | D43: 24 | E43: No | F43: 37.03755066266667 | G43: -122.18975294616666 | H43: 2 | I43: 2025-08-04 15:46 | J43: No | K43: SESE | L43: 0 | M43: 3 | N43: 0 | O43: 0 | P43: 141.85001 | Q43: 94.361902 | R43: 0.021276596 | S43: 0.9787234 | T43: 0.9787234 | U43: 0 | V43: 0 | W43: 0.9787234 | X43: 0 | Y43: 0 | Z43: 0 | AA43: 0 | AB43: 0.021276596 | AC43: 0.9787234 | AD43: 0.9787234 | AE43: 0 | AF43: 0 | AG43: NA | AH43: 66.482301 | AI43: 33.517699 | AJ43: 0.362186 | AK43: 2.621853 | AL43: 3.7401119 | AM43: 2.4804664 | AN43: 8.8424313 | AO43: 15.802232 | AP43: 0 | AQ43: 15.802232 | AR43: 15.802232 | AS43: 24.644664 | AT43: 8.5 | AU43: 4.625 | AV43: 60 | AW43: 40 | AX43: 20 | AY43: 33.333333 | AZ43: 196.35059 | BA43: 169.61622 | BB43: 26.734372 | BC43: 13.615631 | BD43: 62.218084 | BE43: 70.823901 | BF43: 39.764557 | BG43: 0 | BH43: NA | BI43: NA | BJ43: 50 | BK43: NA | BL43: NA | BM43: NA | BN43: NA | BO43: 0 | BP43: NA | BQ43: NA | BR43: 57.726878 | BS43: NA | BT43: NA | BU43: NA | BV43: NA | BW43: 20 | BX43: 0 | BY43: 0 | BZ43: 40 | CA43: 0 | CB43: 0 | CC43: 0 | CD43: 0 | CE43: 20 | CF43: 0 | CG43: 0 | CH43: 20 | CI43: 0 | CJ43: 0 | CK43: 0 | CL43: 0 | CM43: 0 | CN43: 0 | CO43: 0 | CP43: 20 | CQ43: 0 | CR43: 0 | CS43: 0 | CT43: 0 | CU43: 150.03877 | CV43: 0 | CW43: 0 | CX43: 46.311828 | CY43: 0 | CZ43: 0 | DA43: 0 | DB43: 0 | DC43: 150.03877 | DD43: 0 | DE43: 0 | DF43: 19.577456 | DG43: 0 | DH43: 0 | DI43: 0 | DJ43: 0 | DK43: 0 | DL43: 0 | DM43: 0 | DN43: 26.734372 | DO43: 0 | DP43: 0 | DQ43: 0 | DR43: 0 | DS43: 94.202601 | DT43: NA | DU43: NA | DV43: 37.007702 | DW43: NA | DX43: NA | DY43: NA | DZ43: NA | EA43: 94.202601 | EB43: NA | EC43: NA | ED43: 34.028224 | EE43: NA | EF43: NA | EG43: NA | EH43: NA | EI43: NA | EJ43: NA | EK43: NA | EL43: 39.764557 | EM43: NA | EN43: NA | EO43: NA | EP43: NA | EQ43: 40 | ER43: 20 | ES43: 20 | ET43: 46.311828 | EU43: 19.577456 | EV43: 26.734372 | EW43: 50 | EX43: 57.726878 | EY43: 37.007702 | EZ43: 34.028224 | FA43: 39.764557 | FB43: 25 | FC43: 50 | FD43: 40 | FE43: 20 | FF43: 0 | FG43: 0 | FH43: 0 | FI43: NA | FJ43: 94.202601 | FK43: NA | FL43: NA | FM43: 34.028224 | FN43: NA | FO43: NA | FP43: NA | FQ43: NA | FR43: 0 | FS43: 50 | FT43: 0 | FU43: 0
A44: CD19 | B44: Rebar | C44: UNBURNED | D44: 22 | E44: No | F44: 37.0333915 | G44: -122.1834642 | H44: X | I44: X | J44: No | K44: SESE | L44: 0 | M44: 0 | N44: 0 | O44: 0 | P44: 120.88 | Q44: 81.609079 | R44: 0 | S44: 1 | T44: 1 | U44: 0 | V44: 0 | W44: 0.45901639 | X44: 0 | Y44: 0.54098361 | Z44: 0 | AA44: 0 | AB44: 0 | AC44: 1 | AD44: 1 | AE44: 0 | AF44: 0 | AG44: NA | AH44: 80.884956 | AI44: 19.115044 | AJ44: 0.49862809 | AK44: 2.1658785 | AL44: 7.1685479 | AM44: 1.2402332 | AN44: 10.57466 | AO44: 0 | AP44: 0 | AQ44: 0 | AR44: 0 | AS44: 10.57466 | AT44: 10.75 | AU44: 4.75 | AV44: 180 | AW44: 170 | AX44: 10 | AY44: 5.5555556 | AZ44: 165.79599 | BA44: 163.84284 | BB44: 1.9531468 | BC44: 1.1780422 | BD44: 33.008585 | BE44: 33.764896 | BF44: 15.2 | BG44: 0 | BH44: NA | BI44: 50 | BJ44: 0 | BK44: 0 | BL44: NA | BM44: NA | BN44: NA | BO44: 0 | BP44: NA | BQ44: 45.012469 | BR44: 0 | BS44: 0 | BT44: NA | BU44: NA | BV44: NA | BW44: 110 | BX44: 0 | BY44: 20 | BZ44: 40 | CA44: 10 | CB44: 0 | CC44: 0 | CD44: 0 | CE44: 110 | CF44: 0 | CG44: 10 | CH44: 40 | CI44: 10 | CJ44: 0 | CK44: 0 | CL44: 0 | CM44: 0 | CN44: 0 | CO44: 10 | CP44: 0 | CQ44: 0 | CR44: 0 | CS44: 0 | CT44: 0 | CU44: 146.77462 | CV44: 0 | CW44: 4.3391238 | CX44: 12.78016 | CY44: 1.9020863 | CZ44: 0 | DA44: 0 | DB44: 0 | DC44: 146.77462 | DD44: 0 | DE44: 2.3859771 | DF44: 12.78016 | DG44: 1.9020863 | DH44: 0 | DI44: 0 | DJ44: 0 | DK44: 0 | DL44: 0 | DM44: 1.9531468 | DN44: 0 | DO44: 0 | DP44: 0 | DQ44: 0 | DR44: 0 | DS44: 39.728785 | DT44: NA | DU44: 16.019988 | DV44: 19.440808 | DW44: 15 | DX44: NA | DY44: NA | DZ44: NA | EA44: 39.728785 | EB44: NA | EC44: 16.8 | ED44: 19.440808 | EE44: 15 | EF44: NA | EG44: NA | EH44: NA | EI44: NA | EJ44: NA | EK44: 15.2 | EL44: NA | EM44: NA | EN44: NA | EO44: NA | EP44: NA | EQ44: 70 | ER44: 60 | ES44: 10 | ET44: 19.02137 | EU44: 17.068224 | EV44: 1.9531468 | EW44: 14.285714 | EX44: 10.268171 | EY44: 17.928668 | EZ44: 18.344027 | FA44: 15.2 | FB44: 0 | FC44: 9.0909091 | FD44: 70 | FE44: 110 | FF44: 100 | FG44: 100 | FH44: 0 | FI44: 0 | FJ44: 39.728785 | FK44: NA | FL44: 16.8 | FM44: 19.440808 | FN44: 15 | FO44: NA | FP44: NA | FQ44: NA | FR44: 0 | FS44: 66.666667 | FT44: 0 | FU44: 0
A45: CD2 | B45: Stake | C45: UNBURNED | D45: UNBURNED | E45: Yes | F45: 37.020860131666666 | G45: -122.15171207833333 | H45: 1 | I45: 2025-08-05 12:03 | J45: No | K45: SESE | L45: 0 | M45: 0 | N45: 0 | O45: 16.5 | P45: 185.35001 | Q45: 141.97514 | R45: 0.038461538 | S45: 0.96153846 | T45: 0.96153846 | U45: 0 | V45: 0 | W45: 0 | X45: 0 | Y45: 0.11538462 | Z45: 0 | AA45: 0.84615385 | AB45: 0.038461538 | AC45: 0.96153846 | AD45: 0.96153846 | AE45: 0 | AF45: 0 | AG45: NA | AH45: 0 | AI45: 100 | AK45: 1.3190689 | AL45: 5.2984919 | AM45: 4.9609328 | AN45: 11.578494 | AO45: 11.154838 | AP45: 194.33964 | AQ45: 205.49448 | AR45: 205.49448 | AS45: 217.07297 | AT45: 4.875 | AU45: 4.5 | AV45: 240 | AW45: 200 | AX45: 40 | AY45: 16.666667 | AZ45: 742.17066 | BA45: 680.91984 | BB45: 61.250814 | BC45: 8.2529285 | BD45: 60.481481 | BE45: 63.461327 | BF45: 42.560046 | BG45: NA | BH45: 16.666667 | BI45: NA | BJ45: NA | BK45: NA | BL45: NA | BM45: NA | BN45: NA | BO45: NA | BP45: 8.2529285 | BQ45: NA | BR45: NA | BS45: NA | BT45: NA | BU45: NA | BV45: NA | BW45: 0 | BX45: 240 | BY45: 0 | BZ45: 0 | CA45: 0 | CB45: 0 | CC45: 0 | CD45: 0 | CE45: 0 | CF45: 200 | CG45: 0 | CH45: 0 | CI45: 0 | CJ45: 0 | CK45: 0 | CL45: 0 | CM45: 0 | CN45: 40 | CO45: 0 | CP45: 0 | CQ45: 0 | CR45: 0 | CS45: 0 | CT45: 0 | CU45: 0 | CV45: 742.17066 | CW45: 0 | CX45: 0 | CY45: 0 | CZ45: 0 | DA45: 0 | DB45: 0 | DC45: 0 | DD45: 680.91984 | DE45: 0 | DF45: 0 | DG45: 0 | DH45: 0 | DI45: 0 | DJ45: 0 | DK45: 0 | DL45: 61.250814 | DM45: 0 | DN45: 0 | DO45: 0 | DP45: 0 | DQ45: 0 | DR45: 0 | DS45: NA | DT45: 60.481481 | DU45: NA | DV45: NA | DW45: NA | DX45: NA | DY45: NA | DZ45: NA | EA45: NA | EB45: 63.461327 | EC45: NA | ED45: NA | EE45: NA | EF45: NA | EG45: NA | EH45: NA | EI45: NA | EJ45: 42.560046 | EK45: NA | EL45: NA | EM45: NA | EN45: NA | EO45: NA | EP45: NA | EQ45: 0 | ER45: 0 | ES45: 0 | ET45: 0 | EU45: 0 | EV45: 0 | EW45: NA | EX45: NA | EY45: NA | EZ45: NA | FA45: NA | FB45: 6.25 | FC45: 37.5 | FD45: 160 | FE45: 80 | FF45: 0 | FG45: 0 | FH45: 0 | FI45: NA | FJ45: NA | FK45: 63.461327 | FL45: NA | FM45: NA | FN45: NA | FO45: NA | FP45: NA | FQ45: NA | FR45: 41.666667 | FS45: 54.166667 | FT45: 0 | FU45: 0
A46: CD21 | B46: Stake | C46: UNBURNED | D46: 87 | E46: Yes | F46: 37.036605292 | G46: -122.18502882883335 | H46: 2 | I46: 2025-08-05 14:16 | J46: No | K46: SESE | L46: 0 | M46: 0 | N46: 0 | O46: 37.450001 | P46: 76.769997 | Q46: 63.840556 | R46: 0.01010101 | S46: 0.98989899 | T46: 0.98989899 | U46: 0 | V46: 0 | W46: 0 | X46: 0 | Y46: 0 | Z46: 0 | AA46: 0.98989899 | AB46: 0.01010101 | AC46: 0.98989899 | AD46: 0.98989899 | AE46: 0 | AF46: =_xlfn.XLOOKUP(A46, ceanothus_cover!$A:$A, ceanothus_cover!$D:$D, "") -> 3.539823 | AG46: =_xlfn.XLOOKUP(A46, ceanothus_cover!$A:$A, ceanothus_cover!$E:$E, "") -> 1.3 | AH46: 1.7699115 | AI46: 98.230088 | AJ46: 1.3 | AK46: 0.42340483 | AL46: 4.0517879 | AM46: 2.4804664 | AN46: 6.9556592 | AO46: 0 | AP46: 0 | AQ46: 0 | AR46: 0 | AS46: 6.9556592 | AT46: 3 | AU46: 1.375 | AV46: 710 | AW46: 630 | AX46: 80 | AY46: 11.267606 | AZ46: 846.48048 | BA46: 827.13567 | BB46: 19.344809 | BC46: 2.2853226 | BD46: 37.553935 | BE46: 39.408894 | BF46: 16.912717 | BG46: NA | BH46: 11.267606 | BI46: NA | BJ46: NA | BK46: NA | BL46: NA | BM46: NA | BN46: NA | BO46: NA | BP46: 2.2853226 | BQ46: NA | BR46: NA | BS46: NA | BT46: NA | BU46: NA | BV46: NA | BW46: 0 | BX46: 710 | BY46: 0 | BZ46: 0 | CA46: 0 | CB46: 0 | CC46: 0 | CD46: 0 | CE46: 0 | CF46: 630 | CG46: 0 | CH46: 0 | CI46: 0 | CJ46: 0 | CK46: 0 | CL46: 0 | CM46: 0 | CN46: 80 | CO46: 0 | CP46: 0 | CQ46: 0 | CR46: 0 | CS46: 0 | CT46: 0 | CU46: 0 | CV46: 846.48048 | CW46: 0 | CX46: 0 | CY46: 0 | CZ46: 0 | DA46: 0 | DB46: 0 | DC46: 0 | DD46: 827.13567 | DE46: 0 | DF46: 0 | DG46: 0 | DH46: 0 | DI46: 0 | DJ46: 0 | DK46: 0 | DL46: 19.344809 | DM46: 0 | DN46: 0 | DO46: 0 | DP46: 0 | DQ46: 0 | DR46: 0 | DS46: NA | DT46: 37.553935 | DU46: NA | DV46: NA | DW46: NA | DX46: NA | DY46: NA | DZ46: NA | EA46: NA | EB46: 39.408894 | EC46: NA | ED46: NA | EE46: NA | EF46: NA | EG46: NA | EH46: NA | EI46: NA | EJ46: 16.912717 | EK46: NA | EL46: NA | EM46: NA | EN46: NA | EO46: NA | EP46: NA | EQ46: 0 | ER46: 0 | ES46: 0 | ET46: 0 | EU46: 0 | EV46: 0 | EW46: NA | EX46: NA | EY46: NA | EZ46: NA | FA46: NA | FB46: 0 | FC46: 30.769231 | FD46: 450 | FE46: 260 | FF46: 0 | FG46: 0 | FH46: 0 | FI46: NA | FJ46: NA | FK46: 39.408894 | FL46: NA | FM46: NA | FN46: NA | FO46: NA | FP46: NA | FQ46: NA | FR46: 52.112676 | FS46: 91.549296 | FT46: 0 | FU46: 0
A47: CD22 | B47: Stake | C47: UNBURNED | D47: 59 | E47: No | F47: 37.040477535 | G47: -122.18990839000001 | H47: 1 | I47: 2025-08-05 15:15 | J47: No | K47: SESE | L47: 0 | M47: 1 | N47: 0 | O47: 0.0099999998 | P47: 42.48 | Q47: 20.880363 | R47: 0.0070422535 | S47: 0.99295775 | T47: 0.99295775 | U47: 0 | V47: 0 | W47: 0.042253521 | X47: 0 | Y47: 0.95070423 | Z47: 0 | AA47: 0 | AB47: 0.0070422535 | AC47: 0.99295775 | AD47: 0.99295775 | AE47: 0 | AF47: 0 | AG47: NA | AH47: 5.9734513 | AI47: 94.026549 | AJ47: 0.53310242 | AK47: 1.0422273 | AL47: 1.246704 | AM47: 0 | AN47: 2.2889313 | AO47: 0 | AP47: 0 | AQ47: 0 | AR47: 0 | AS47: 2.2889313 | AT47: 0.5 | AU47: 7.625 | AV47: 110 | AW47: 110 | AX47: 0 | AY47: 0 | AZ47: 265.92697 | BA47: 265.92697 | BB47: 0 | BC47: 0 | BD47: 53.476256 | BE47: 53.476256 | BF47: NA | BG47: 0 | BH47: NA | BI47: NA | BJ47: 0 | BK47: NA | BL47: NA | BM47: NA | BN47: NA | BO47: 0 | BP47: NA | BQ47: NA | BR47: 0 | BS47: NA | BT47: NA | BU47: NA | BV47: NA | BW47: 20 | BX47: 0 | BY47: 0 | BZ47: 90 | CA47: 0 | CB47: 0 | CC47: 0 | CD47: 0 | CE47: 20 | CF47: 0 | CG47: 0 | CH47: 90 | CI47: 0 | CJ47: 0 | CK47: 0 | CL47: 0 | CM47: 0 | CN47: 0 | CO47: 0 | CP47: 0 | CQ47: 0 | CR47: 0 | CS47: 0 | CT47: 0 | CU47: 5.8960449 | CV47: 0 | CW47: 0 | CX47: 260.03092 | CY47: 0 | CZ47: 0 | DA47: 0 | DB47: 0 | DC47: 5.8960449 | DD47: 0 | DE47: 0 | DF47: 260.03092 | DG47: 0 | DH47: 0 | DI47: 0 | DJ47: 0 | DK47: 0 | DL47: 0 | DM47: 0 | DN47: 0 | DO47: 0 | DP47: 0 | DQ47: 0 | DR47: 0 | DS47: 18.67418 | DT47: NA | DU47: NA | DV47: 58.461155 | DW47: NA | DX47: NA | DY47: NA | DZ47: NA | EA47: 18.67418 | EB47: NA | EC47: NA | ED47: 58.461155 | EE47: NA | EF47: NA | EG47: NA | EH47: NA | EI47: NA | EJ47: NA | EK47: NA | EL47: NA | EM47: NA | EN47: NA | EO47: NA | EP47: NA | EQ47: 90 | ER47: 90 | ES47: 0 | ET47: 260.03092 | EU47: 260.03092 | EV47: 0 | EW47: 0 | EX47: 0 | EY47: 58.461155 | EZ47: 58.461155 | FA47: NA | FB47: 0 | FC47: 0 | FD47: 90 | FE47: 20 | FF47: 0 | FG47: 0 | FH47: 0 | FI47: NA | FJ47: 18.67418 | FK47: NA | FL47: NA | FM47: 58.461155 | FN47: NA | FO47: NA | FP47: NA | FQ47: NA | FR47: 0 | FS47: 45.454545 | FT47: 0 | FU47: 0
A48: CD23 | B48: Stake | C48: UNBURNED | D48: UNBURNED | E48: Yes | F48: 37.00877933733333 | G48: -122.15362239950001 | H48: 2 | I48: 2025-08-07 12:19 | J48: No | K48: SESE | L48: 0 | M48: 0 | N48: 0 | O48: 0 | P48: 172.91 | Q48: 116.57697 | R48: 0.06122449 | S48: 0.93877551 | T48: 0.93877551 | U48: 0 | V48: 0 | W48: 0 | X48: 0 | Y48: 0.06122449 | Z48: 0 | AA48: 0.87755102 | AB48: 0.06122449 | AC48: 0.93877551 | AD48: 0.93877551 | AE48: 0 | AF48: 0 | AG48: NA | AH48: 14.535398 | AI48: 85.464602 | AJ48: 0.4737726 | AK48: 2.5241442 | AL48: 1.870056 | AM48: 3.7206996 | AN48: 8.1148997 | AO48: 0 | AP48: 0 | AQ48: 0 | AR48: 0 | AS48: 8.1148997 | AT48: 14.125 | AU48: 5.125 | AV48: 200 | AW48: 200 | AX48: 0 | AY48: 0 | AZ48: 303.2858 | BA48: 303.2858 | BB48: 0 | BC48: 0 | BD48: 42.353294 | BE48: 42.353294 | BF48: NA | BG48: NA | BH48: 0 | BI48: NA | BJ48: NA | BK48: NA | BL48: NA | BM48: NA | BN48: NA | BO48: NA | BP48: 0 | BQ48: NA | BR48: NA | BS48: NA | BT48: NA | BU48: NA | BV48: NA | BW48: 0 | BX48: 200 | BY48: 0 | BZ48: 0 | CA48: 0 | CB48: 0 | CC48: 0 | CD48: 0 | CE48: 0 | CF48: 200 | CG48: 0 | CH48: 0 | CI48: 0 | CJ48: 0 | CK48: 0 | CL48: 0 | CM48: 0 | CN48: 0 | CO48: 0 | CP48: 0 | CQ48: 0 | CR48: 0 | CS48: 0 | CT48: 0 | CU48: 0 | CV48: 303.2858 | CW48: 0 | CX48: 0 | CY48: 0 | CZ48: 0 | DA48: 0 | DB48: 0 | DC48: 0 | DD48: 303.2858 | DE48: 0 | DF48: 0 | DG48: 0 | DH48: 0 | DI48: 0 | DJ48: 0 | DK48: 0 | DL48: 0 | DM48: 0 | DN48: 0 | DO48: 0 | DP48: 0 | DQ48: 0 | DR48: 0 | DS48: NA | DT48: 42.353294 | DU48: NA | DV48: NA | DW48: NA | DX48: NA | DY48: NA | DZ48: NA | EA48: NA | EB48: 42.353294 | EC48: NA | ED48: NA | EE48: NA | EF48: NA | EG48: NA | EH48: NA | EI48: NA | EJ48: NA | EK48: NA | EL48: NA | EM48: NA | EN48: NA | EO48: NA | EP48: NA | EQ48: 0 | ER48: 0 | ES48: 0 | ET48: 0 | EU48: 0 | EV48: 0 | EW48: NA | EX48: NA | EY48: NA | EZ48: NA | FA48: NA | FB48: 0 | FC48: 0 | FD48: 60 | FE48: 140 | FF48: 0 | FG48: 0 | FH48: 0 | FI48: NA | FJ48: NA | FK48: 42.353294 | FL48: NA | FM48: NA | FN48: NA | FO48: NA | FP48: NA | FQ48: NA | FR48: 5 | FS48: 60 | FT48: 0 | FU48: 0
A49: CD24 | B49: Stake | C49: UNBURNED | D49: UNBURNED | E49: No | F49: 37.008093751666664 | G49: -122.15260142999999 | H49: 1 | I49: 2025-08-07 11:57 | J49: No | K49: SESE | L49: 0 | M49: 0 | N49: 0 | O49: 55.68 | P49: 138.82001 | Q49: 117.07925 | R49: 0.01010101 | S49: 0.98989899 | T49: 0.98989899 | U49: 0 | V49: 0 | W49: 0 | X49: 0 | Y49: 0 | Z49: 0 | AA49: 0.98989899 | AB49: 0.01010101 | AC49: 0.98989899 | AD49: 0.98989899 | AE49: 0 | AF49: 0 | AG49: NA | AH49: 0.61946903 | AI49: 99.380531 | AJ49: 0.1 | AK49: 0.79795525 | AL49: 3.1167599 | AM49: 8.6816324 | AN49: 12.596348 | AO49: 0 | AP49: 0 | AQ49: 0 | AR49: 0 | AS49: 12.596348 | AT49: 11.5 | AU49: 8.25 | AV49: 360 | AW49: 330 | AX49: 30 | AY49: 8.3333333 | AZ49: 997.67233 | BA49: 989.09646 | BB49: 8.5758731 | BC49: 0.85958815 | BD49: 57.255718 | BE49: 59.544068 | BF49: 18.388855 | BG49: NA | BH49: 8.3333333 | BI49: NA | BJ49: NA | BK49: NA | BL49: NA | BM49: NA | BN49: NA | BO49: NA | BP49: 0.85958815 | BQ49: NA | BR49: NA | BS49: NA | BT49: NA | BU49: NA | BV49: NA | BW49: 0 | BX49: 360 | BY49: 0 | BZ49: 0 | CA49: 0 | CB49: 0 | CC49: 0 | CD49: 0 | CE49: 0 | CF49: 330 | CG49: 0 | CH49: 0 | CI49: 0 | CJ49: 0 | CK49: 0 | CL49: 0 | CM49: 0 | CN49: 30 | CO49: 0 | CP49: 0 | CQ49: 0 | CR49: 0 | CS49: 0 | CT49: 0 | CU49: 0 | CV49: 997.67233 | CW49: 0 | CX49: 0 | CY49: 0 | CZ49: 0 | DA49: 0 | DB49: 0 | DC49: 0 | DD49: 989.09646 | DE49: 0 | DF49: 0 | DG49: 0 | DH49: 0 | DI49: 0 | DJ49: 0 | DK49: 0 | DL49: 8.5758731 | DM49: 0 | DN49: 0 | DO49: 0 | DP49: 0 | DQ49: 0 | DR49: 0 | DS49: NA | DT49: 57.255718 | DU49: NA | DV49: NA | DW49: NA | DX49: NA | DY49: NA | DZ49: NA | EA49: NA | EB49: 59.544068 | EC49: NA | ED49: NA | EE49: NA | EF49: NA | EG49: NA | EH49: NA | EI49: NA | EJ49: 18.388855 | EK49: NA | EL49: NA | EM49: NA | EN49: NA | EO49: NA | EP49: NA | EQ49: 0 | ER49: 0 | ES49: 0 | ET49: 0 | EU49: 0 | EV49: 0 | EW49: NA | EX49: NA | EY49: NA | EZ49: NA | FA49: NA | FB49: 0 | FC49: 20 | FD49: 210 | FE49: 150 | FF49: 0 | FG49: 0 | FH49: 0 | FI49: NA | FJ49: NA | FK49: 59.544068 | FL49: NA | FM49: NA | FN49: NA | FO49: NA | FP49: NA | FQ49: NA | FR49: 44.444444 | FS49: 91.666667 | FT49: 0 | FU49: 0
A50: CD25 | B50: Stake | C50: UNBURNED | D50: UNBURNED | E50: No | F50: 37.0178814 | G50: -122.1537519 | H50: 1 | I50: 2025-08-07 14:27 | J50: No | K50: SESE | L50: 0 | M50: 0 | N50: 0 | O50: 0 | P50: 154.03999 | Q50: 101.69684 | R50: 0 | S50: 1 | T50: 1 | U50: 0 | V50: 0 | W50: 0 | X50: 0 | Y50: 0 | Z50: 0 | AA50: 1 | AB50: 0 | AC50: 1 | AD50: 1 | AE50: 0 | AF50: 0 | AG50: NA | AH50: 0.30973451 | AI50: 99.690265 | AJ50: 0.16785714 | AK50: 0.35826562 | AL50: 0.93502798 | AM50: 1.2402332 | AN50: 2.5335268 | AO50: 3.3009593 | AP50: 0 | AQ50: 3.3009593 | AR50: 3.3009593 | AS50: 5.8344861 | AT50: 6.625 | AU50: 5.375 | AV50: 160 | AW50: 110 | AX50: 50 | AY50: 31.25 | AZ50: 240.23654 | BA50: 229.97762 | BB50: 10.258924 | BC50: 4.2703427 | BD50: 42.143994 | BE50: 49.730474 | BF50: 15.579089 | BG50: NA | BH50: 31.25 | BI50: NA | BJ50: NA | BK50: NA | BL50: NA | BM50: NA | BN50: NA | BO50: NA | BP50: 4.2703427 | BQ50: NA | BR50: NA | BS50: NA | BT50: NA | BU50: NA | BV50: NA | BW50: 0 | BX50: 160 | BY50: 0 | BZ50: 0 | CA50: 0 | CB50: 0 | CC50: 0 | CD50: 0 | CE50: 0 | CF50: 110 | CG50: 0 | CH50: 0 | CI50: 0 | CJ50: 0 | CK50: 0 | CL50: 0 | CM50: 0 | CN50: 50 | CO50: 0 | CP50: 0 | CQ50: 0 | CR50: 0 | CS50: 0 | CT50: 0 | CU50: 0 | CV50: 240.23654 | CW50: 0 | CX50: 0 | CY50: 0 | CZ50: 0 | DA50: 0 | DB50: 0 | DC50: 0 | DD50: 229.97762 | DE50: 0 | DF50: 0 | DG50: 0 | DH50: 0 | DI50: 0 | DJ50: 0 | DK50: 0 | DL50: 10.258924 | DM50: 0 | DN50: 0 | DO50: 0 | DP50: 0 | DQ50: 0 | DR50: 0 | DS50: NA | DT50: 42.143994 | DU50: NA | DV50: NA | DW50: NA | DX50: NA | DY50: NA | DZ50: NA | EA50: NA | EB50: 49.730474 | EC50: NA | ED50: NA | EE50: NA | EF50: NA | EG50: NA | EH50: NA | EI50: NA | EJ50: 15.579089 | EK50: NA | EL50: NA | EM50: NA | EN50: NA | EO50: NA | EP50: NA | EQ50: 0 | ER50: 0 | ES50: 0 | ET50: 0 | EU50: 0 | EV50: 0 | EW50: NA | EX50: NA | EY50: NA | EZ50: NA | FA50: NA | FB50: 0 | FC50: 50 | FD50: 60 | FE50: 100 | FF50: 0 | FG50: 0 | FH50: 0 | FI50: NA | FJ50: NA | FK50: 49.730474 | FL50: NA | FM50: NA | FN50: NA | FO50: NA | FP50: NA | FQ50: NA | FR50: 12.5 | FS50: 68.75 | FT50: 0 | FU50: 0
A51: CD26 | B51: Stake | C51: UNBURNED | D51: UNBURNED | E51: Yes | F51: 37.016840136499994 | G51: -122.15334354133333 | H51: 2 | I51: 2025-08-07 14:33 | J51: No | K51: SESE | L51: 0 | M51: 0 | N51: 0 | O51: 49.139999 | P51: 123.55 | Q51: 97.235681 | R51: 0.01010101 | S51: 0.98989899 | T51: 0.98989899 | U51: 0 | V51: 0 | W51: 0 | X51: 0 | Y51: 0 | Z51: 0 | AA51: 0.98989899 | AB51: 0.01010101 | AC51: 0.98989899 | AD51: 0.98989899 | AE51: 0 | AF51: 0 | AG51: NA | AH51: 2.3230088 | AI51: 97.676991 | AJ51: 0.30178571 | AK51: 0.96080327 | AL51: 0.62335199 | AM51: 1.2402332 | AN51: 2.8243885 | AO51: 0 | AP51: 0 | AQ51: 0 | AR51: 0 | AS51: 2.8243885 | AT51: 12.75 | AU51: 5.375 | AV51: 410 | AW51: 390 | AX51: 20 | AY51: 4.8780488 | AZ51: 632.81752 | BA51: 630.6756 | BB51: 2.1419183 | BC51: 0.33847329 | BD51: 42.729073 | BE51: 43.736786 | BF51: 11.255443 | BG51: NA | BH51: 4.8780488 | BI51: NA | BJ51: NA | BK51: NA | BL51: NA | BM51: NA | BN51: NA | BO51: NA | BP51: 0.33847329 | BQ51: NA | BR51: NA | BS51: NA | BT51: NA | BU51: NA | BV51: NA | BW51: 0 | BX51: 410 | BY51: 0 | BZ51: 0 | CA51: 0 | CB51: 0 | CC51: 0 | CD51: 0 | CE51: 0 | CF51: 390 | CG51: 0 | CH51: 0 | CI51: 0 | CJ51: 0 | CK51: 0 | CL51: 0 | CM51: 0 | CN51: 20 | CO51: 0 | CP51: 0 | CQ51: 0 | CR51: 0 | CS51: 0 | CT51: 0 | CU51: 0 | CV51: 632.81752 | CW51: 0 | CX51: 0 | CY51: 0 | CZ51: 0 | DA51: 0 | DB51: 0 | DC51: 0 | DD51: 630.6756 | DE51: 0 | DF51: 0 | DG51: 0 | DH51: 0 | DI51: 0 | DJ51: 0 | DK51: 0 | DL51: 2.1419183 | DM51: 0 | DN51: 0 | DO51: 0 | DP51: 0 | DQ51: 0 | DR51: 0 | DS51: NA | DT51: 42.729073 | DU51: NA | DV51: NA | DW51: NA | DX51: NA | DY51: NA | DZ51: NA | EA51: NA | EB51: 43.736786 | EC51: NA | ED51: NA | EE51: NA | EF51: NA | EG51: NA | EH51: NA | EI51: NA | EJ51: 11.255443 | EK51: NA | EL51: NA | EM51: NA | EN51: NA | EO51: NA | EP51: NA | EQ51: 0 | ER51: 0 | ES51: 0 | ET51: 0 | EU51: 0 | EV51: 0 | EW51: NA | EX51: NA | EY51: NA | EZ51: NA | FA51: NA | FB51: 0 | FC51: 12.5 | FD51: 250 | FE51: 160 | FF51: 0 | FG51: 0 | FH51: 0 | FI51: NA | FJ51: NA | FK51: 43.736786 | FL51: NA | FM51: NA | FN51: NA | FO51: NA | FP51: NA | FQ51: NA | FR51: 31.707317 | FS51: 97.560976 | FT51: 0 | FU51: 0
A52: CD3 | B52: Rebar | C52: UNBURNED | D52: UNBURNED | E52: Yes | F52: 37.0212228555 | G52: -122.15023342799999 | H52: 2 | I52: 2025-08-05 10:50 | J52: No | K52: SESE | L52: 0 | M52: 0 | N52: 0 | O52: 30.559999 | P52: 184.92999 | Q52: 143.50707 | R52: 0 | S52: 1 | T52: 1 | U52: 0 | V52: 0 | W52: 0 | X52: 0 | Y52: 0 | Z52: 0 | AA52: 1 | AB52: 0 | AC52: 1 | AD52: 1 | AE52: 0 | AF52: 0 | AG52: NA | AH52: 0 | AI52: 100 | AK52: 0.61882244 | AL52: 1.246704 | AM52: 0 | AN52: 1.8655264 | AO52: 0 | AP52: 0 | AQ52: 0 | AR52: 0 | AS52: 1.8655264 | AT52: 13.75 | AU52: 6.875 | AV52: 170 | AW52: 160 | AX52: 10 | AY52: 5.8823529 | AZ52: 617.4381 | BA52: 614.99497 | BB52: 2.4431242 | BC52: 0.39568731 | BD52: 65.546333 | BE52: 67.429811 | BF52: 17 | BG52: NA | BH52: 5.8823529 | BI52: NA | BJ52: NA | BK52: NA | BL52: NA | BM52: NA | BN52: NA | BO52: NA | BP52: 0.39568731 | BQ52: NA | BR52: NA | BS52: NA | BT52: NA | BU52: NA | BV52: NA | BW52: 0 | BX52: 170 | BY52: 0 | BZ52: 0 | CA52: 0 | CB52: 0 | CC52: 0 | CD52: 0 | CE52: 0 | CF52: 160 | CG52: 0 | CH52: 0 | CI52: 0 | CJ52: 0 | CK52: 0 | CL52: 0 | CM52: 0 | CN52: 10 | CO52: 0 | CP52: 0 | CQ52: 0 | CR52: 0 | CS52: 0 | CT52: 0 | CU52: 0 | CV52: 617.4381 | CW52: 0 | CX52: 0 | CY52: 0 | CZ52: 0 | DA52: 0 | DB52: 0 | DC52: 0 | DD52: 614.99497 | DE52: 0 | DF52: 0 | DG52: 0 | DH52: 0 | DI52: 0 | DJ52: 0 | DK52: 0 | DL52: 2.4431242 | DM52: 0 | DN52: 0 | DO52: 0 | DP52: 0 | DQ52: 0 | DR52: 0 | DS52: NA | DT52: 65.546333 | DU52: NA | DV52: NA | DW52: NA | DX52: NA | DY52: NA | DZ52: NA | EA52: NA | EB52: 67.429811 | EC52: NA | ED52: NA | EE52: NA | EF52: NA | EG52: NA | EH52: NA | EI52: NA | EJ52: 17 | EK52: NA | EL52: NA | EM52: NA | EN52: NA | EO52: NA | EP52: NA | EQ52: 0 | ER52: 0 | ES52: 0 | ET52: 0 | EU52: 0 | EV52: 0 | EW52: NA | EX52: NA | EY52: NA | EZ52: NA | FA52: NA | FB52: 0 | FC52: 25 | FD52: 130 | FE52: 40 | FF52: 0 | FG52: 0 | FH52: 0 | FI52: NA | FJ52: NA | FK52: 67.429811 | FL52: NA | FM52: NA | FN52: NA | FO52: NA | FP52: NA | FQ52: NA | FR52: 29.411765 | FS52: 94.117647 | FT52: 0 | FU52: 0
A53: CD4 | B53: Rebar | C53: UNBURNED | D53: UNBURNED | E53: Yes | F53: 37.02112680683334 | G53: -122.14981422266668 | H53: 2 | I53: 2025-08-05 09:08 | J53: No | K53: SESE | L53: 0 | M53: 0 | N53: 0 | O53: 45.939999 | P53: 169.95 | Q53: 135.42435 | R53: 0 | S53: 1 | T53: 1 | U53: 0 | V53: 0 | W53: 0 | X53: 0 | Y53: 0 | Z53: 0 | AA53: 1 | AB53: 0 | AC53: 1 | AD53: 1 | AE53: 0 | AF53: 0 | AG53: NA | AH53: 0 | AI53: 100 | AK53: 0.34198082 | AL53: 0.62335199 | AM53: 0 | AN53: 0.96533281 | AO53: 11.089382 | AP53: 3.4405447 | AQ53: 14.529926 | AR53: 14.529926 | AS53: 15.495259 | AT53: 22.25 | AU53: 1.75 | AV53: 280 | AW53: 220 | AX53: 60 | AY53: 21.428571 | AZ53: 703.51519 | BA53: 690.14192 | BB53: 13.373273 | BC53: 1.9009217 | BD53: 54.517242 | BE53: 60.91637 | BF53: 16.237508 | BG53: NA | BH53: 21.428571 | BI53: NA | BJ53: NA | BK53: NA | BL53: NA | BM53: NA | BN53: NA | BO53: NA | BP53: 1.9009217 | BQ53: NA | BR53: NA | BS53: NA | BT53: NA | BU53: NA | BV53: NA | BW53: 0 | BX53: 280 | BY53: 0 | BZ53: 0 | CA53: 0 | CB53: 0 | CC53: 0 | CD53: 0 | CE53: 0 | CF53: 220 | CG53: 0 | CH53: 0 | CI53: 0 | CJ53: 0 | CK53: 0 | CL53: 0 | CM53: 0 | CN53: 60 | CO53: 0 | CP53: 0 | CQ53: 0 | CR53: 0 | CS53: 0 | CT53: 0 | CU53: 0 | CV53: 703.51519 | CW53: 0 | CX53: 0 | CY53: 0 | CZ53: 0 | DA53: 0 | DB53: 0 | DC53: 0 | DD53: 690.14192 | DE53: 0 | DF53: 0 | DG53: 0 | DH53: 0 | DI53: 0 | DJ53: 0 | DK53: 0 | DL53: 13.373273 | DM53: 0 | DN53: 0 | DO53: 0 | DP53: 0 | DQ53: 0 | DR53: 0 | DS53: NA | DT53: 54.517242 | DU53: NA | DV53: NA | DW53: NA | DX53: NA | DY53: NA | DZ53: NA | EA53: NA | EB53: 60.91637 | EC53: NA | ED53: NA | EE53: NA | EF53: NA | EG53: NA | EH53: NA | EI53: NA | EJ53: 16.237508 | EK53: NA | EL53: NA | EM53: NA | EN53: NA | EO53: NA | EP53: NA | EQ53: 0 | ER53: 0 | ES53: 0 | ET53: 0 | EU53: 0 | EV53: 0 | EW53: NA | EX53: NA | EY53: NA | EZ53: NA | FA53: NA | FB53: 0 | FC53: 46.153846 | FD53: 150 | FE53: 130 | FF53: 0 | FG53: 0 | FH53: 0 | FI53: NA | FJ53: NA | FK53: 60.91637 | FL53: NA | FM53: NA | FN53: NA | FO53: NA | FP53: NA | FQ53: NA | FR53: 25 | FS53: 92.857143 | FT53: 0 | FU53: 0
A54: CD5 | B54: Stake | C54: UNBURNED | D54: UNBURNED | E54: Yes | F54: 37.00525362900001 | G54: -122.14680159483333 | H54: 2 | I54: 2025-08-07 09:01 | J54: No | K54: SESE | L54: 0 | M54: 0 | N54: 0 | O54: 20.120001 | P54: 148.14 | Q54: 93.49134 | R54: 0 | S54: 1 | T54: 1 | U54: 0 | V54: 0 | W54: 0 | X54: 0 | Y54: 0 | Z54: 0 | AA54: 1 | AB54: 0 | AC54: 1 | AD54: 1 | AE54: 0 | AF54: 0 | AG54: NA | AH54: 31.880531 | AI54: 68.119469 | AJ54: 0.99609825 | AK54: 1.1073665 | AL54: 3.1167599 | AM54: 0 | AN54: 4.2241264 | AO54: 0 | AP54: 0 | AQ54: 0 | AR54: 0 | AS54: 4.2241264 | AT54: 10.875 | AU54: 7.125 | AV54: 210 | AW54: 200 | AX54: 10 | AY54: 4.7619048 | AZ54: 1554.7907 | BA54: 1551.7389 | BB54: 3.0517918 | BC54: 0.19628313 | BD54: 93.584187 | BE54: 95.801096 | BF54: 19 | BG54: NA | BH54: 5.2631579 | BI54: NA | BJ54: 0 | BK54: NA | BL54: NA | BM54: NA | BN54: NA | BO54: NA | BP54: 0.20099054 | BQ54: NA | BR54: 0 | BS54: NA | BT54: NA | BU54: NA | BV54: NA | BW54: 0 | BX54: 190 | BY54: 0 | BZ54: 20 | CA54: 0 | CB54: 0 | CC54: 0 | CD54: 0 | CE54: 0 | CF54: 180 | CG54: 0 | CH54: 20 | CI54: 0 | CJ54: 0 | CK54: 0 | CL54: 0 | CM54: 0 | CN54: 10 | CO54: 0 | CP54: 0 | CQ54: 0 | CR54: 0 | CS54: 0 | CT54: 0 | CU54: 0 | CV54: 1518.3758 | CW54: 0 | CX54: 36.414893 | CY54: 0 | CZ54: 0 | DA54: 0 | DB54: 0 | DC54: 0 | DD54: 1515.324 | DE54: 0 | DF54: 36.414893 | DG54: 0 | DH54: 0 | DI54: 0 | DJ54: 0 | DK54: 0 | DL54: 3.0517918 | DM54: 0 | DN54: 0 | DO54: 0 | DP54: 0 | DQ54: 0 | DR54: 0 | DS54: NA | DT54: 97.227471 | DU54: NA | DV54: 46.408835 | DW54: NA | DX54: NA | DY54: NA | DZ54: NA | EA54: NA | EB54: 99.791293 | EC54: NA | ED54: 46.408835 | EE54: NA | EF54: NA | EG54: NA | EH54: NA | EI54: NA | EJ54: 19 | EK54: NA | EL54: NA | EM54: NA | EN54: NA | EO54: NA | EP54: NA | EQ54: 20 | ER54: 20 | ES54: 0 | ET54: 36.414893 | EU54: 36.414893 | EV54: 0 | EW54: 0 | EX54: 0 | EY54: 46.408835 | EZ54: 46.408835 | FA54: NA | FB54: 0 | FC54: 14.285714 | FD54: 140 | FE54: 70 | FF54: 100 | FG54: 0 | FH54: 100 | FI54: 100 | FJ54: NA | FK54: 99.791293 | FL54: NA | FM54: 46.408835 | FN54: NA | FO54: NA | FP54: NA | FQ54: NA | FR54: 14.285714 | FS54: 80.952381 | FT54: 0 | FU54: 9.5238095
A55: CD6 | B55: Stake | C55: UNBURNED | D55: UNBURNED | E55: Yes | F55: 37.01000200833333 | G55: -122.14940147333334 | H55: 1 | I55: 2025-08-07 09:32 | J55: No | K55: SESE | L55: 0 | M55: 0 | N55: 0 | O55: 34.380001 | P55: 142.17 | Q55: 114.87535 | R55: 0 | S55: 1 | T55: 1 | U55: 0 | V55: 0 | W55: 0 | X55: 0 | Y55: 0 | Z55: 0 | AA55: 1 | AB55: 0 | AC55: 1 | AD55: 1 | AE55: 0 | AF55: 0 | AG55: NA | AH55: 8.3628319 | AI55: 91.637168 | AJ55: 0.39744342 | AK55: 0.86309446 | AL55: 2.805084 | AM55: 7.4413992 | AN55: 11.109578 | AO55: 0 | AP55: 0 | AQ55: 0 | AR55: 0 | AS55: 11.109578 | AT55: 21.5 | AU55: 5.625 | AV55: 290 | AW55: 200 | AX55: 90 | AY55: 31.034483 | AZ55: 752.63103 | BA55: 723.76134 | BB55: 28.869697 | BC55: 3.8358366 | BD55: 55.407456 | BE55: 65.427276 | BF55: 19.479419 | BG55: NA | BH55: 31.034483 | BI55: NA | BJ55: NA | BK55: NA | BL55: NA | BM55: NA | BN55: NA | BO55: NA | BP55: 3.8358366 | BQ55: NA | BR55: NA | BS55: NA | BT55: NA | BU55: NA | BV55: NA | BW55: 0 | BX55: 290 | BY55: 0 | BZ55: 0 | CA55: 0 | CB55: 0 | CC55: 0 | CD55: 0 | CE55: 0 | CF55: 200 | CG55: 0 | CH55: 0 | CI55: 0 | CJ55: 0 | CK55: 0 | CL55: 0 | CM55: 0 | CN55: 90 | CO55: 0 | CP55: 0 | CQ55: 0 | CR55: 0 | CS55: 0 | CT55: 0 | CU55: 0 | CV55: 752.63103 | CW55: 0 | CX55: 0 | CY55: 0 | CZ55: 0 | DA55: 0 | DB55: 0 | DC55: 0 | DD55: 723.76134 | DE55: 0 | DF55: 0 | DG55: 0 | DH55: 0 | DI55: 0 | DJ55: 0 | DK55: 0 | DL55: 28.869697 | DM55: 0 | DN55: 0 | DO55: 0 | DP55: 0 | DQ55: 0 | DR55: 0 | DS55: NA | DT55: 55.407456 | DU55: NA | DV55: NA | DW55: NA | DX55: NA | DY55: NA | DZ55: NA | EA55: NA | EB55: 65.427276 | EC55: NA | ED55: NA | EE55: NA | EF55: NA | EG55: NA | EH55: NA | EI55: NA | EJ55: 19.479419 | EK55: NA | EL55: NA | EM55: NA | EN55: NA | EO55: NA | EP55: NA | EQ55: 0 | ER55: 0 | ES55: 0 | ET55: 0 | EU55: 0 | EV55: 0 | EW55: NA | EX55: NA | EY55: NA | EZ55: NA | FA55: NA | FB55: 5.8823529 | FC55: 66.666667 | FD55: 170 | FE55: 120 | FF55: 0 | FG55: 0 | FH55: 0 | FI55: NA | FJ55: NA | FK55: 65.427276 | FL55: NA | FM55: NA | FN55: NA | FO55: NA | FP55: NA | FQ55: NA | FR55: 10.344828 | FS55: 79.310345 | FT55: 0 | FU55: 0
A56: CD7 | B56: Rebar | C56: UNBURNED | D56: 435 | E56: Yes | F56: 37.03182175666667 | G56: -122.19490682 | H56: 1 | I56: 2025-08-04 12:52 | J56: No | K56: SESE | L56: 9 | M56: 27 | N56: 0 | O56: 32.700001 | P56: 104.52 | Q56: 64.848908 | R56: 0 | S56: 1 | T56: 0.97902098 | U56: 0.020979021 | V56: 0 | W56: 0.58741259 | X56: 0 | Y56: 0 | Z56: 0.020979021 | AA56: 0.39160839 | AB56: 0 | AC56: 1 | AD56: 0.97902098 | AE56: 0.020979021 | AF56: =_xlfn.XLOOKUP(A56, ceanothus_cover!$A:$A, ceanothus_cover!$D:$D, "") -> 15.309735 | AG56: =_xlfn.XLOOKUP(A56, ceanothus_cover!$A:$A, ceanothus_cover!$E:$E, "") -> 0.79502677 | AH56: 15.309735 | AI56: 84.690265 | AJ56: 0.79502677 | AK56: 2.4915746 | AL56: 7.1685479 | AM56: 1.2402332 | AN56: 10.900356 | AO56: 0 | AP56: 0 | AQ56: 0 | AR56: 0 | AS56: 10.900356 | AT56: 2.25 | AU56: 0.875 | AV56: 330 | AW56: 220 | AX56: 110 | AY56: 33.333333 | AZ56: 170.50031 | BA56: 154.78139 | BB56: 15.718926 | BC56: 9.2192945 | BD56: 24.721896 | BE56: 28.848562 | BF56: 13.001433 | BG56: 0 | BH56: 34.375 | BI56: NA | BJ56: NA | BK56: NA | BL56: NA | BM56: NA | BN56: NA | BO56: 0 | BP56: 10.698045 | BQ56: NA | BR56: NA | BS56: NA | BT56: NA | BU56: NA | BV56: NA | BW56: 10 | BX56: 320 | BY56: 0 | BZ56: 0 | CA56: 0 | CB56: 0 | CC56: 0 | CD56: 0 | CE56: 10 | CF56: 210 | CG56: 0 | CH56: 0 | CI56: 0 | CJ56: 0 | CK56: 0 | CL56: 0 | CM56: 0 | CN56: 110 | CO56: 0 | CP56: 0 | CQ56: 0 | CR56: 0 | CS56: 0 | CT56: 0 | CU56: 23.56761 | CV56: 146.9327 | CW56: 0 | CX56: 0 | CY56: 0 | CZ56: 0 | DA56: 0 | DB56: 0 | DC56: 23.56761 | DD56: 131.21378 | DE56: 0 | DF56: 0 | DG56: 0 | DH56: 0 | DI56: 0 | DJ56: 0 | DK56: 0 | DL56: 15.718926 | DM56: 0 | DN56: 0 | DO56: 0 | DP56: 0 | DQ56: 0 | DR56: 0 | DS56: 52.8 | DT56: 23.305606 | DU56: NA | DV56: NA | DW56: NA | DX56: NA | DY56: NA | DZ56: NA | EA56: 52.8 | EB56: 27.186683 | EC56: NA | ED56: NA | EE56: NA | EF56: NA | EG56: NA | EH56: NA | EI56: NA | EJ56: 13.001433 | EK56: NA | EL56: NA | EM56: NA | EN56: NA | EO56: NA | EP56: NA | EQ56: 0 | ER56: 0 | ES56: 0 | ET56: 0 | EU56: 0 | EV56: 0 | EW56: NA | EX56: NA | EY56: NA | EZ56: NA | FA56: NA | FB56: 0 | FC56: 40.740741 | FD56: 60 | FE56: 270 | FF56: 200 | FG56: 0 | FH56: 200 | FI56: 100 | FJ56: 52.8 | FK56: 27.186683 | FL56: NA | FM56: NA | FN56: NA | FO56: NA | FP56: NA | FQ56: NA | FR56: 48.484848 | FS56: 96.969697 | FT56: 0 | FU56: 0
A57: CD8 | B57: Rebar | C57: UNBURNED | D57: 199 | E57: Yes | F57: 37.031885136666666 | G57: -122.19693510833335 | H57: 1 | I57: 2025-08-04 11:22 | J57: No | K57: SESE | L57: 76 | M57: 16 | N57: 0 | O57: 5.7199998 | P57: 93.25 | Q57: 59.961215 | R57: 0.0054347826 | S57: 0.99456522 | T57: 0.82608696 | U57: 0.16847826 | V57: 0.054347826 | W57: 0.7826087 | X57: 0 | Y57: 0 | Z57: 0.11413043 | AA57: 0.043478261 | AB57: 0.0054347826 | AC57: 0.99456522 | AD57: 0.82608696 | AE57: 0.16847826 | AF57: =_xlfn.XLOOKUP(A57, ceanothus_cover!$A:$A, ceanothus_cover!$D:$D, "") -> 9.4026549 | AG57: =_xlfn.XLOOKUP(A57, ceanothus_cover!$A:$A, ceanothus_cover!$E:$E, "") -> 1.1766856 | AH57: 12.654867 | AI57: 87.345133 | AJ57: 1.0188292 | AK57: 2.7521314 | AL57: 5.2984919 | AM57: 2.4804664 | AN57: 10.53109 | AO57: 0 | AP57: 0 | AQ57: 0 | AR57: 0 | AS57: 10.53109 | AT57: 2.375 | AU57: 1.5 | AV57: 210 | AW57: 80 | AX57: 130 | AY57: 61.904762 | AZ57: 150.20826 | BA57: 109.41409 | BB57: 40.794172 | BC57: 27.158407 | BD57: 29.08797 | BE57: 40.222382 | BF57: 19.266531 | BG57: 28.571429 | BH57: 76.923077 | BI57: NA | BJ57: NA | BK57: 100 | BL57: NA | BM57: NA | BN57: NA | BO57: 5.6813879 | BP57: 51.357367 | BQ57: NA | BR57: NA | BS57: 100 | BT57: NA | BU57: NA | BV57: NA | BW57: 70 | BX57: 130 | BY57: 0 | BZ57: 0 | CA57: 10 | CB57: 0 | CC57: 0 | CD57: 0 | CE57: 50 | CF57: 30 | CG57: 0 | CH57: 0 | CI57: 0 | CJ57: 0 | CK57: 0 | CL57: 0 | CM57: 20 | CN57: 100 | CO57: 0 | CP57: 0 | CQ57: 10 | CR57: 0 | CS57: 0 | CT57: 0 | CU57: 99.806864 | CV57: 31.407925 | CW57: 0 | CX57: 0 | CY57: 18.993473 | CZ57: 0 | DA57: 0 | DB57: 0 | DC57: 94.136449 | DD57: 15.277642 | DE57: 0 | DF57: 0 | DG57: 0 | DH57: 0 | DI57: 0 | DJ57: 0 | DK57: 5.6704152 | DL57: 16.130284 | DM57: 0 | DN57: 0 | DO57: 18.993473 | DP57: 0 | DQ57: 0 | DR57: 0 | DS57: 41.068358 | DT57: 16.905347 | DU57: NA | DV57: NA | DW57: 47.4 | DX57: NA | DY57: NA | DZ57: NA | EA57: 47.192182 | EB57: 24.543906 | EC57: NA | ED57: NA | EE57: NA | EF57: NA | EG57: NA | EH57: NA | EI57: 18.313383 | EJ57: 13.813291 | EK57: NA | EL57: NA | EM57: 47.4 | EN57: NA | EO57: NA | EP57: NA | EQ57: 10 | ER57: 0 | ES57: 10 | ET57: 18.993473 | EU57: 0 | EV57: 18.993473 | EW57: 100 | EX57: 100 | EY57: 47.4 | EZ57: NA | FA57: 47.4 | FB57: 16.666667 | FC57: 80 | FD57: 60 | FE57: 150 | FF57: 0 | FG57: 0 | FH57: 0 | FI57: NA | FJ57: 47.192182 | FK57: 24.543906 | FL57: NA | FM57: NA | FN57: NA | FO57: NA | FP57: NA | FQ57: NA | FR57: 4.7619048 | FS57: 100 | FT57: 0 | FU57: 0
A58: CD9 | B58: Stake | C58: YES | D58: UNBURNED | E58: No | F58: 37.03869979666666 | G58: -122.20661533666669 | H58: 2 | I58: 2025-08-06 10:38 | J58: No | K58: SESE | L58: 0 | M58: 0 | N58: 0 | O58: 3.1199999 | P58: 129.45 | Q58: 91.940981 | R58: 0 | S58: 1 | T58: 1 | U58: 0 | V58: 0 | W58: 0 | X58: 0 | Y58: 0 | Z58: 0 | AA58: 1 | AB58: 0 | AC58: 1 | AD58: 1 | AE58: 0 | AF58: 0 | AG58: NA | AH58: 11.349558 | AI58: 88.650442 | AJ58: 0.45892506 | AK58: 1.8238977 | AL58: 2.805084 | AM58: 6.201166 | AN58: 10.830148 | AO58: 22.102398 | AP58: 0 | AQ58: 22.102398 | AR58: 22.102398 | AS58: 32.932545 | AT58: 23.875 | AU58: 2 | AV58: 200 | AW58: 170 | AX58: 30 | AY58: 15 | AZ58: 359.46286 | BA58: 351.40343 | BB58: 8.0594356 | BC58: 2.2420774 | BD58: 46.109262 | BE58: 49.448678 | BF58: 17.826572 | BG58: NA | BH58: 15 | BI58: NA | BJ58: NA | BK58: NA | BL58: NA | BM58: NA | BN58: NA | BO58: NA | BP58: 2.2420774 | BQ58: NA | BR58: NA | BS58: NA | BT58: NA | BU58: NA | BV58: NA | BW58: 0 | BX58: 200 | BY58: 0 | BZ58: 0 | CA58: 0 | CB58: 0 | CC58: 0 | CD58: 0 | CE58: 0 | CF58: 170 | CG58: 0 | CH58: 0 | CI58: 0 | CJ58: 0 | CK58: 0 | CL58: 0 | CM58: 0 | CN58: 30 | CO58: 0 | CP58: 0 | CQ58: 0 | CR58: 0 | CS58: 0 | CT58: 0 | CU58: 0 | CV58: 359.46286 | CW58: 0 | CX58: 0 | CY58: 0 | CZ58: 0 | DA58: 0 | DB58: 0 | DC58: 0 | DD58: 351.40343 | DE58: 0 | DF58: 0 | DG58: 0 | DH58: 0 | DI58: 0 | DJ58: 0 | DK58: 0 | DL58: 8.0594356 | DM58: 0 | DN58: 0 | DO58: 0 | DP58: 0 | DQ58: 0 | DR58: 0 | DS58: NA | DT58: 46.109262 | DU58: NA | DV58: NA | DW58: NA | DX58: NA | DY58: NA | DZ58: NA | EA58: NA | EB58: 49.448678 | EC58: NA | ED58: NA | EE58: NA | EF58: NA | EG58: NA | EH58: NA | EI58: NA | EJ58: 17.826572 | EK58: NA | EL58: NA | EM58: NA | EN58: NA | EO58: NA | EP58: NA | EQ58: 0 | ER58: 0 | ES58: 0 | ET58: 0 | EU58: 0 | EV58: 0 | EW58: NA | EX58: NA | EY58: NA | EZ58: NA | FA58: NA | FB58: 0 | FC58: 33.333333 | FD58: 110 | FE58: 90 | FF58: 0 | FG58: 0 | FH58: 0 | FI58: NA | FJ58: NA | FK58: 49.448678 | FL58: NA | FM58: NA | FN58: NA | FO58: NA | FP58: NA | FQ58: NA | FR58: 0 | FS58: 90 | FT58: 0 | FU58: 5
A59: CJGT1 | B59: Stake | C59: UNBURNED | D59: UNBURNED | E59: Yes | F59: 37.284411216 | G59: -122.26785570083334 | H59: 3 | I59: 2025-08-28 08:32 | J59: No | K59: SESE | L59: 0 | M59: 0 | N59: 0 | O59: 0 | P59: 180.15999 | Q59: 100.97974 | R59: 0.006993007 | S59: 0.99300699 | T59: 0.99300699 | U59: 0 | V59: 0 | W59: 0 | X59: 0 | Y59: 0.46153846 | Z59: 0 | AA59: 0.53146853 | AB59: 0.006993007 | AC59: 0.99300699 | AD59: 0.99300699 | AE59: 0 | AF59: 0 | AG59: NA | AH59: 7.1238938 | AI59: 92.876106 | AJ59: 0.57312541 | AK59: 0.55368324 | AL59: 3.7401119 | AM59: 1.2402332 | AN59: 5.5340284 | AO59: 3.1419005 | AP59: 0 | AQ59: 3.1419005 | AR59: 3.1419005 | AS59: 8.6759289 | AT59: 8 | AU59: 5.5 | AV59: 150 | AW59: 150 | AX59: 0 | AY59: 0 | AZ59: 417.17504 | BA59: 417.17504 | BB59: 0 | BC59: 0 | BD59: 57.357429 | BE59: 57.357429 | BF59: NA | BG59: NA | BH59: 0 | BI59: 0 | BJ59: NA | BK59: NA | BL59: NA | BM59: NA | BN59: NA | BO59: NA | BP59: 0 | BQ59: 0 | BR59: NA | BS59: NA | BT59: NA | BU59: NA | BV59: NA | BW59: 0 | BX59: 130 | BY59: 20 | BZ59: 0 | CA59: 0 | CB59: 0 | CC59: 0 | CD59: 0 | CE59: 0 | CF59: 130 | CG59: 20 | CH59: 0 | CI59: 0 | CJ59: 0 | CK59: 0 | CL59: 0 | CM59: 0 | CN59: 0 | CO59: 0 | CP59: 0 | CQ59: 0 | CR59: 0 | CS59: 0 | CT59: 0 | CU59: 0 | CV59: 397.36654 | CW59: 19.808496 | CX59: 0 | CY59: 0 | CZ59: 0 | DA59: 0 | DB59: 0 | DC59: 0 | DD59: 397.36654 | DE59: 19.808496 | DF59: 0 | DG59: 0 | DH59: 0 | DI59: 0 | DJ59: 0 | DK59: 0 | DL59: 0 | DM59: 0 | DN59: 0 | DO59: 0 | DP59: 0 | DQ59: 0 | DR59: 0 | DS59: NA | DT59: 60.131235 | DU59: 34.228424 | DV59: NA | DW59: NA | DX59: NA | DY59: NA | DZ59: NA | EA59: NA | EB59: 60.131235 | EC59: 34.228424 | ED59: NA | EE59: NA | EF59: NA | EG59: NA | EH59: NA | EI59: NA | EJ59: NA | EK59: NA | EL59: NA | EM59: NA | EN59: NA | EO59: NA | EP59: NA | EQ59: 20 | ER59: 20 | ES59: 0 | ET59: 19.808496 | EU59: 19.808496 | EV59: 0 | EW59: 0 | EX59: 0 | EY59: 34.228424 | EZ59: 34.228424 | FA59: NA | FB59: 0 | FC59: 0 | FD59: 60 | FE59: 90 | FF59: 200 | FG59: 200 | FH59: 0 | FI59: 0 | FJ59: NA | FK59: 60.131235 | FL59: 34.228424 | FM59: NA | FN59: NA | FO59: NA | FP59: NA | FQ59: NA | FR59: 0 | FS59: 73.333333 | FT59: 0 | FU59: 0
A60: CJGT10 | B60: Stake | C60: UNBURNED | D60: UNBURNED | E60: Yes | F60: 37.287182300000005 | G60: -122.26445290000001 | H60: 1 | I60: 2025-08-25 09:27 | J60: No | K60: SESE | L60: 0 | M60: 0 | N60: 0 | O60: 0 | P60: 185.98 | Q60: 130.38727 | R60: 0 | S60: 1 | T60: 1 | U60: 0 | V60: 0 | W60: 0 | X60: 0 | Y60: 0.11111111 | Z60: 0 | AA60: 0.88888889 | AB60: 0 | AC60: 1 | AD60: 1 | AE60: 0 | AF60: 0 | AG60: NA | AH60: 0 | AI60: 100 | AK60: 0.97708807 | AL60: 2.493408 | AM60: 3.7206996 | AN60: 7.1911956 | AO60: 5.585601 | AP60: 398.23589 | AQ60: 403.82149 | AR60: 403.82149 | AS60: 411.01269 | AT60: 13.5 | AU60: 8.125 | AV60: 260 | AW60: 210 | AX60: 50 | AY60: 19.230769 | AZ60: 1328.1658 | BA60: 1317.5732 | BB60: 10.592676 | BC60: 0.7975417 | BD60: 77.734825 | BE60: 86.14972 | BF60: 15.830477 | BG60: NA | BH60: 19.230769 | BI60: NA | BJ60: NA | BK60: NA | BL60: NA | BM60: NA | BN60: NA | BO60: NA | BP60: 0.7975417 | BQ60: NA | BR60: NA | BS60: NA | BT60: NA | BU60: NA | BV60: NA | BW60: 0 | BX60: 260 | BY60: 0 | BZ60: 0 | CA60: 0 | CB60: 0 | CC60: 0 | CD60: 0 | CE60: 0 | CF60: 210 | CG60: 0 | CH60: 0 | CI60: 0 | CJ60: 0 | CK60: 0 | CL60: 0 | CM60: 0 | CN60: 50 | CO60: 0 | CP60: 0 | CQ60: 0 | CR60: 0 | CS60: 0 | CT60: 0 | CU60: 0 | CV60: 1328.1658 | CW60: 0 | CX60: 0 | CY60: 0 | CZ60: 0 | DA60: 0 | DB60: 0 | DC60: 0 | DD60: 1317.5732 | DE60: 0 | DF60: 0 | DG60: 0 | DH60: 0 | DI60: 0 | DJ60: 0 | DK60: 0 | DL60: 10.592676 | DM60: 0 | DN60: 0 | DO60: 0 | DP60: 0 | DQ60: 0 | DR60: 0 | DS60: NA | DT60: 77.734825 | DU60: NA | DV60: NA | DW60: NA | DX60: NA | DY60: NA | DZ60: NA | EA60: NA | EB60: 86.14972 | EC60: NA | ED60: NA | EE60: NA | EF60: NA | EG60: NA | EH60: NA | EI60: NA | EJ60: 15.830477 | EK60: NA | EL60: NA | EM60: NA | EN60: NA | EO60: NA | EP60: NA | EQ60: 0 | ER60: 0 | ES60: 0 | ET60: 0 | EU60: 0 | EV60: 0 | EW60: NA | EX60: NA | EY60: NA | EZ60: NA | FA60: NA | FB60: 0 | FC60: 50 | FD60: 160 | FE60: 100 | FF60: 0 | FG60: 0 | FH60: 0 | FI60: NA | FJ60: NA | FK60: 86.14972 | FL60: NA | FM60: NA | FN60: NA | FO60: NA | FP60: NA | FQ60: NA | FR60: 7.6923077 | FS60: 96.153846 | FT60: 3.8461538 | FU60: 11.538462
A61: CJGT11 | B61: Rebar | C61: UNBURNED | D61: UNBURNED | E61: No | F61: 37.284009100000006 | G61: -122.26572849999998 | H61: 1 | I61: 2025-08-25 12:01 | J61: No | K61: SESE | L61: 0 | M61: 0 | N61: 0 | O61: 0 | P61: 255.37999 | Q61: 151.71139 | R61: 0.05027933 | S61: 0.94972067 | T61: 0.94972067 | U61: 0 | V61: 0 | W61: 0 | X61: 0 | Y61: 0.73743017 | Z61: 0 | AA61: 0.2122905 | AB61: 0.05027933 | AC61: 0.94972067 | AD61: 0.94972067 | AE61: 0 | AF61: 0 | AG61: NA | AH61: 2.4336283 | AI61: 97.566372 | AJ61: 0.84 | AK61: 0.40712003 | AL61: 1.246704 | AM61: 0 | AN61: 1.653824 | AO61: 316.07716 | AP61: 0 | AQ61: 316.07716 | AR61: 316.07716 | AS61: 317.73098 | AT61: 5.25 | AU61: 5.75 | AV61: 80 | AW61: 70 | AX61: 10 | AY61: 12.5 | AZ61: 735.75412 | BA61: 733.58997 | BB61: 2.1641515 | BC61: 0.29414059 | BD61: 104.30317 | BE61: 111.34067 | BF61: 16 | BG61: NA | BH61: 0 | BI61: 16.666667 | BJ61: NA | BK61: NA | BL61: NA | BM61: NA | BN61: NA | BO61: NA | BP61: 0 | BQ61: 9.6051387 | BR61: NA | BS61: NA | BT61: NA | BU61: NA | BV61: NA | BW61: 0 | BX61: 20 | BY61: 60 | BZ61: 0 | CA61: 0 | CB61: 0 | CC61: 0 | CD61: 0 | CE61: 0 | CF61: 20 | CG61: 50 | CH61: 0 | CI61: 0 | CJ61: 0 | CK61: 0 | CL61: 0 | CM61: 0 | CN61: 0 | CO61: 10 | CP61: 0 | CQ61: 0 | CR61: 0 | CS61: 0 | CT61: 0 | CU61: 0 | CV61: 713.22293 | CW61: 22.531184 | CX61: 0 | CY61: 0 | CZ61: 0 | DA61: 0 | DB61: 0 | DC61: 0 | DD61: 713.22293 | DE61: 20.367033 | DF61: 0 | DG61: 0 | DH61: 0 | DI61: 0 | DJ61: 0 | DK61: 0 | DL61: 0 | DM61: 2.1641515 | DN61: 0 | DO61: 0 | DP61: 0 | DQ61: 0 | DR61: 0 | DS61: NA | DT61: 205.3874 | DU61: 21.076211 | DV61: NA | DW61: NA | DX61: NA | DY61: NA | DZ61: NA | EA61: NA | EB61: 205.3874 | EC61: 21.951036 | ED61: NA | EE61: NA | EF61: NA | EG61: NA | EH61: NA | EI61: NA | EJ61: NA | EK61: 16 | EL61: NA | EM61: NA | EN61: NA | EO61: NA | EP61: NA | EQ61: 60 | ER61: 50 | ES61: 10 | ET61: 22.531184 | EU61: 20.367033 | EV61: 2.1641515 | EW61: 16.666667 | EX61: 9.6051387 | EY61: 21.076211 | EZ61: 21.951036 | FA61: 16 | FB61: 0 | FC61: 16.666667 | FD61: 20 | FE61: 60 | FF61: 0 | FG61: 0 | FH61: 0 | FI61: NA | FJ61: NA | FK61: 205.3874 | FL61: 21.951036 | FM61: NA | FN61: NA | FO61: NA | FP61: NA | FQ61: NA | FR61: 0 | FS61: 87.5 | FT61: 0 | FU61: 0
A62: CJGT12 | B62: Stake | C62: UNBURNED | D62: UNBURNED | E62: No | F62: 37.2839719 | G62: -122.26084790000002 | H62: 1 | I62: 2025-08-26 15:36 | J62: No | K62: SESE | L62: 0 | M62: 0 | N62: 0 | O62: 1 | P62: 184.75 | Q62: 140.72212 | R62: 0.015873016 | S62: 0.98412698 | T62: 0.98412698 | U62: 0 | V62: 0 | W62: 0 | X62: 0 | Y62: 0.33333333 | Z62: 0 | AA62: 0.65079365 | AB62: 0.015873016 | AC62: 0.98412698 | AD62: 0.98412698 | AE62: 0 | AF62: 0 | AG62: NA | AH62: 45.088496 | AI62: 54.911504 | AJ62: 0.30887685 | AK62: 0.86309446 | AL62: 2.493408 | AM62: 4.9609328 | AN62: 8.3174352 | AO62: 2.6400692 | AP62: 6.5456261 | AQ62: 9.1856953 | AR62: 9.1856953 | AS62: 17.503131 | AT62: 9.375 | AU62: 5.5 | AV62: 150 | AW62: 120 | AX62: 30 | AY62: 20 | AZ62: 1236.5448 | BA62: 1219.2541 | BB62: 17.290641 | BC62: 1.3983028 | BD62: 98.749623 | BE62: 109.63082 | BF62: 26.110853 | BG62: NA | BH62: 25 | BI62: NA | BJ62: 0 | BK62: NA | BL62: NA | BM62: NA | BN62: NA | BO62: NA | BP62: 1.4307926 | BQ62: NA | BR62: 0 | BS62: NA | BT62: NA | BU62: NA | BV62: NA | BW62: 0 | BX62: 120 | BY62: 0 | BZ62: 30 | CA62: 0 | CB62: 0 | CC62: 0 | CD62: 0 | CE62: 0 | CF62: 90 | CG62: 0 | CH62: 30 | CI62: 0 | CJ62: 0 | CK62: 0 | CL62: 0 | CM62: 0 | CN62: 30 | CO62: 0 | CP62: 0 | CQ62: 0 | CR62: 0 | CS62: 0 | CT62: 0 | CU62: 0 | CV62: 1208.4659 | CW62: 0 | CX62: 28.078852 | CY62: 0 | CZ62: 0 | DA62: 0 | DB62: 0 | DC62: 0 | DD62: 1191.1753 | DE62: 0 | DF62: 28.078852 | DG62: 0 | DH62: 0 | DI62: 0 | DJ62: 0 | DK62: 0 | DL62: 17.290641 | DM62: 0 | DN62: 0 | DO62: 0 | DP62: 0 | DQ62: 0 | DR62: 0 | DS62: NA | DT62: 109.14472 | DU62: NA | DV62: 33.274014 | DW62: NA | DX62: NA | DY62: NA | DZ62: NA | EA62: NA | EB62: 125.12461 | EC62: NA | ED62: 33.274014 | EE62: NA | EF62: NA | EG62: NA | EH62: NA | EI62: NA | EJ62: 26.110853 | EK62: NA | EL62: NA | EM62: NA | EN62: NA | EO62: NA | EP62: NA | EQ62: 30 | ER62: 30 | ES62: 0 | ET62: 28.078852 | EU62: 28.078852 | EV62: 0 | EW62: 0 | EX62: 0 | EY62: 33.274014 | EZ62: 33.274014 | FA62: NA | FB62: 9.0909091 | FC62: 50 | FD62: 110 | FE62: 40 | FF62: 0 | FG62: 0 | FH62: 0 | FI62: NA | FJ62: NA | FK62: 125.12461 | FL62: NA | FM62: 33.274014 | FN62: NA | FO62: NA | FP62: NA | FQ62: NA | FR62: 0 | FS62: 100 | FT62: 0 | FU62: 6.6666667
A63: CJGT13 | B63: Stake | C63: UNBURNED | D63: UNBURNED | E63: Yes | F63: 37.28343730866666 | G63: -122.264897472 | H63: 2 | I63: 2025-08-25 12:29 | J63: No | K63: SESE | L63: 2 | M63: 0 | N63: 0 | O63: 1.87 | P63: 188.81 | Q63: 129.91429 | R63: 0.0071942446 | S63: 0.99280576 | T63: 0.99280576 | U63: 0 | V63: 0 | W63: 0.086330935 | X63: 0 | Y63: 0.90647482 | Z63: 0 | AA63: 0 | AB63: 0.0071942446 | AC63: 0.99280576 | AD63: 0.99280576 | AE63: 0 | AF63: 0 | AG63: NA | AH63: 1.5486726 | AI63: 98.451327 | AJ63: 0.40714286 | AK63: 1.7261889 | AL63: 2.493408 | AM63: 4.9609328 | AN63: 9.1805297 | AO63: 3.1944837 | AP63: 0 | AQ63: 3.1944837 | AR63: 3.1944837 | AS63: 12.375013 | AT63: 3.75 | AU63: 3 | AV63: 240 | AW63: 230 | AX63: 10 | AY63: 4.1666667 | AZ63: 503.13564 | BA63: 488.99418 | BB63: 14.141462 | BC63: 2.8106659 | BD63: 49.798134 | BE63: 50.149208 | BF63: 40.9 | BG63: 10 | BH63: 0 | BI63: 0 | BJ63: 0 | BK63: NA | BL63: NA | BM63: NA | BN63: NA | BO63: 2.988411 | BP63: 0 | BQ63: 0 | BR63: 0 | BS63: NA | BT63: NA | BU63: NA | BV63: NA | BW63: 100 | BX63: 10 | BY63: 120 | BZ63: 10 | CA63: 0 | CB63: 0 | CC63: 0 | CD63: 0 | CE63: 90 | CF63: 10 | CG63: 120 | CH63: 10 | CI63: 0 | CJ63: 0 | CK63: 0 | CL63: 0 | CM63: 10 | CN63: 0 | CO63: 0 | CP63: 0 | CQ63: 0 | CR63: 0 | CS63: 0 | CT63: 0 | CU63: 473.21008 | CV63: 2.5889508 | CW63: 23.207735 | CX63: 4.1288799 | CY63: 0 | CZ63: 0 | DA63: 0 | DB63: 0 | DC63: 459.06861 | DD63: 2.5889508 | DE63: 23.207735 | DF63: 4.1288799 | DG63: 0 | DH63: 0 | DI63: 0 | DJ63: 0 | DK63: 14.141462 | DL63: 0 | DM63: 0 | DN63: 0 | DO63: 0 | DP63: 0 | DQ63: 0 | DR63: 0 | DS63: 74.817491 | DT63: 17.5 | DU63: 15.125227 | DV63: 22.1 | DW63: NA | DX63: NA | DY63: NA | DZ63: NA | EA63: 77.677224 | EB63: 17.5 | EC63: 15.125227 | ED63: 22.1 | EE63: NA | EF63: NA | EG63: NA | EH63: NA | EI63: 40.9 | EJ63: NA | EK63: NA | EL63: NA | EM63: NA | EN63: NA | EO63: NA | EP63: NA | EQ63: 130 | ER63: 130 | ES63: 0 | ET63: 27.336615 | EU63: 27.336615 | EV63: 0 | EW63: 0 | EX63: 0 | EY63: 15.77164 | EZ63: 15.77164 | FA63: NA | FB63: 11.111111 | FC63: 0 | FD63: 90 | FE63: 150 | FF63: 100 | FG63: 100 | FH63: 0 | FI63: 0 | FJ63: 77.677224 | FK63: 17.5 | FL63: 15.125227 | FM63: 22.1 | FN63: NA | FO63: NA | FP63: NA | FQ63: NA | FR63: 0 | FS63: 83.333333 | FT63: 0 | FU63: 0
A64: CJGT2 | B64: Stake | C64: UNBURNED | D64: UNBURNED | E64: No | F64: 37.28466158616666 | G64: -122.2676346715 | H64: 3 | I64: 2025-08-28 10:20 | J64: No | K64: SESE | L64: 0 | M64: 0 | N64: 0 | O64: 0 | P64: 163.59 | Q64: 96.29378 | R64: 0.054263566 | S64: 0.94573643 | T64: 0.94573643 | U64: 0 | V64: 0 | W64: 0 | X64: 0 | Y64: 0.41860465 | Z64: 0 | AA64: 0.52713178 | AB64: 0.054263566 | AC64: 0.94573643 | AD64: 0.94573643 | AE64: 0 | AF64: 0 | AG64: NA | AH64: 5.9513274 | AI64: 94.048673 | AJ64: 0.20141918 | AK64: 1.4493473 | AL64: 3.1167599 | AM64: 3.7206996 | AN64: 8.2868068 | AO64: 23.258792 | AP64: 0 | AQ64: 23.258792 | AR64: 23.258792 | AS64: 31.545598 | AT64: 5.625 | AU64: 4 | AV64: 150 | AW64: 150 | AX64: 0 | AY64: 0 | AZ64: 842.03188 | BA64: 842.03188 | BB64: 0 | BC64: 0 | BD64: 81.488212 | BE64: 81.488212 | BF64: NA | BG64: 0 | BH64: 0 | BI64: 0 | BJ64: 0 | BK64: NA | BL64: 0 | BM64: NA | BN64: NA | BO64: 0 | BP64: 0 | BQ64: 0 | BR64: 0 | BS64: NA | BT64: 0 | BU64: NA | BV64: NA | BW64: 10 | BX64: 80 | BY64: 20 | BZ64: 30 | CA64: 0 | CB64: 10 | CC64: 0 | CD64: 0 | CE64: 10 | CF64: 80 | CG64: 20 | CH64: 30 | CI64: 0 | CJ64: 10 | CK64: 0 | CL64: 0 | CM64: 0 | CN64: 0 | CO64: 0 | CP64: 0 | CQ64: 0 | CR64: 0 | CS64: 0 | CT64: 0 | CU64: 151.56847 | CV64: 610.83726 | CW64: 8.5001278 | CX64: 68.961872 | CY64: 0 | CZ64: 2.1641515 | DA64: 0 | DB64: 0 | DC64: 151.56847 | DD64: 610.83726 | DE64: 8.5001278 | DF64: 68.961872 | DG64: 0 | DH64: 2.1641515 | DI64: 0 | DJ64: 0 | DK64: 0 | DL64: 0 | DM64: 0 | DN64: 0 | DO64: 0 | DP64: 0 | DQ64: 0 | DR64: 0 | DS64: 133.9 | DT64: 95.037262 | DU64: 22.421976 | DV64: 52.145885 | DW64: NA | DX64: 16 | DY64: NA | DZ64: NA | EA64: 133.9 | EB64: 95.037262 | EC64: 22.421976 | ED64: 52.145885 | EE64: NA | EF64: 16 | EG64: NA | EH64: NA | EI64: NA | EJ64: NA | EK64: NA | EL64: NA | EM64: NA | EN64: NA | EO64: NA | EP64: NA | EQ64: 60 | ER64: 60 | ES64: 0 | ET64: 79.626151 | EU64: 79.626151 | EV64: 0 | EW64: 0 | EX64: 0 | EY64: 39.62127 | EZ64: 39.62127 | FA64: NA | FB64: 0 | FC64: 0 | FD64: 60 | FE64: 90 | FF64: 200 | FG64: 200 | FH64: 0 | FI64: 0 | FJ64: 133.9 | FK64: 95.037262 | FL64: 22.421976 | FM64: 52.145885 | FN64: NA | FO64: 16 | FP64: NA | FQ64: NA | FR64: 0 | FS64: 66.666667 | FT64: 0 | FU64: 0
A65: CJGT3 | B65: Stake | C65: UNBURNED | D65: UNBURNED | E65: Yes | F65: 37.2868601 | G65: -122.2646034 | H65: 1 | I65: 2025-08-26 11:38 | J65: No | K65: SESE | L65: 0 | M65: 0 | N65: 0 | O65: 0 | P65: 209.26999 | Q65: 127.81644 | R65: 0.043478261 | S65: 0.95652174 | T65: 0.95652174 | U65: 0 | V65: 0 | W65: 0 | X65: 0 | Y65: 0.26086957 | Z65: 0 | AA65: 0.69565217 | AB65: 0.043478261 | AC65: 0.95652174 | AD65: 0.95652174 | AE65: 0 | AF65: 0 | AG65: NA | AH65: 4.1814159 | AI65: 95.818584 | AJ65: 0.52878086 | AK65: 0.47225923 | AL65: 1.870056 | AM65: 3.7206996 | AN65: 6.0630148 | AO65: 0 | AP65: 0 | AQ65: 0 | AR65: 0 | AS65: 6.0630148 | AT65: 7.25 | AU65: 5.125 | AV65: 80 | AW65: 70 | AX65: 10 | AY65: 12.5 | AZ65: 523.72289 | BA65: 518.73106 | BB65: 4.9918353 | BC65: 0.95314437 | BD65: 87.999851 | BE65: 93.626385 | BF65: 24.3 | BG65: NA | BH65: 14.285714 | BI65: 0 | BJ65: NA | BK65: NA | BL65: NA | BM65: NA | BN65: NA | BO65: NA | BP65: 0.95680716 | BQ65: 0 | BR65: NA | BS65: NA | BT65: NA | BU65: NA | BV65: NA | BW65: 0 | BX65: 70 | BY65: 10 | BZ65: 0 | CA65: 0 | CB65: 0 | CC65: 0 | CD65: 0 | CE65: 0 | CF65: 60 | CG65: 10 | CH65: 0 | CI65: 0 | CJ65: 0 | CK65: 0 | CL65: 0 | CM65: 0 | CN65: 10 | CO65: 0 | CP65: 0 | CQ65: 0 | CR65: 0 | CS65: 0 | CT65: 0 | CU65: 0 | CV65: 521.71801 | CW65: 2.0048835 | CX65: 0 | CY65: 0 | CZ65: 0 | DA65: 0 | DB65: 0 | DC65: 0 | DD65: 516.72618 | DE65: 2.0048835 | DF65: 0 | DG65: 0 | DH65: 0 | DI65: 0 | DJ65: 0 | DK65: 0 | DL65: 4.9918353 | DM65: 0 | DN65: 0 | DO65: 0 | DP65: 0 | DQ65: 0 | DR65: 0 | DS65: NA | DT65: 93.895557 | DU65: 15.4 | DV65: NA | DW65: NA | DX65: NA | DY65: NA | DZ65: NA | EA65: NA | EB65: 100.93244 | EC65: 15.4 | ED65: NA | EE65: NA | EF65: NA | EG65: NA | EH65: NA | EI65: NA | EJ65: 24.3 | EK65: NA | EL65: NA | EM65: NA | EN65: NA | EO65: NA | EP65: NA | EQ65: 10 | ER65: 10 | ES65: 0 | ET65: 2.0048835 | EU65: 2.0048835 | EV65: 0 | EW65: 0 | EX65: 0 | EY65: 15.4 | EZ65: 15.4 | FA65: NA | FB65: 0 | FC65: 25 | FD65: 40 | FE65: 40 | FF65: 100 | FG65: 100 | FH65: 0 | FI65: 0 | FJ65: NA | FK65: 100.93244 | FL65: 15.4 | FM65: NA | FN65: NA | FO65: NA | FP65: NA | FQ65: NA | FR65: 0 | FS65: 62.5 | FT65: 0 | FU65: 12.5
A66: CJGT4 | B66: Stake | C66: UNBURNED | D66: UNBURNED | E66: No | F66: 37.284993500000006 | G66: -122.26718100000001 | H66: 1 | I66: 2026-08-28 09:57 | J66: No | K66: SESE | L66: 0 | M66: 0 | N66: 0 | O66: 13.83 | P66: 176.41 | Q66: 120.42196 | R66: 0 | S66: 1 | T66: 1 | U66: 0 | V66: 0 | W66: 0.11570248 | X66: 0 | Y66: 0.79338843 | Z66: 0 | AA66: 0.090909091 | AB66: 0 | AC66: 1 | AD66: 1 | AE66: 0 | AF66: 0 | AG66: NA | AH66: 3.1637168 | AI66: 96.836283 | AJ66: 0.26661255 | AK66: 1.2050753 | AL66: 3.4284359 | AM66: 1.2402332 | AN66: 5.8737444 | AO66: 6.4583511 | AP66: 2.3564254 | AQ66: 8.8147765 | AR66: 8.8147765 | AS66: 14.688521 | AT66: 9.25 | AU66: 5.25 | AV66: 140 | AW66: 140 | AX66: 0 | AY66: 0 | AZ66: 484.27168 | BA66: 484.27168 | BB66: 0 | BC66: 0 | BD66: 63.967101 | BE66: 63.967101 | BF66: NA | BG66: 0 | BH66: 0 | BI66: 0 | BJ66: 0 | BK66: NA | BL66: NA | BM66: 0 | BN66: NA | BO66: 0 | BP66: 0 | BQ66: 0 | BR66: 0 | BS66: NA | BT66: NA | BU66: 0 | BV66: NA | BW66: 20 | BX66: 70 | BY66: 10 | BZ66: 30 | CA66: 0 | CB66: 0 | CC66: 10 | CD66: 0 | CE66: 20 | CF66: 70 | CG66: 10 | CH66: 30 | CI66: 0 | CJ66: 0 | CK66: 10 | CL66: 0 | CM66: 0 | CN66: 0 | CO66: 0 | CP66: 0 | CQ66: 0 | CR66: 0 | CS66: 0 | CT66: 0 | CU66: 206.39784 | CV66: 234.68262 | CW66: 3.4836922 | CX66: 34.674526 | CY66: 0 | CZ66: 0 | DA66: 5.0330049 | DB66: 0 | DC66: 206.39784 | DD66: 234.68262 | DE66: 3.4836922 | DF66: 34.674526 | DG66: 0 | DH66: 0 | DI66: 5.0330049 | DJ66: 0 | DK66: 0 | DL66: 0 | DM66: 0 | DN66: 0 | DO66: 0 | DP66: 0 | DQ66: 0 | DR66: 0 | DS66: 110.48765 | DT66: 62.974916 | DU66: 20.3 | DV66: 36.976073 | DW66: NA | DX66: NA | DY66: 24.4 | DZ66: NA | EA66: 110.48765 | EB66: 62.974916 | EC66: 20.3 | ED66: 36.976073 | EE66: NA | EF66: NA | EG66: 24.4 | EH66: NA | EI66: NA | EJ66: NA | EK66: NA | EL66: NA | EM66: NA | EN66: NA | EO66: NA | EP66: NA | EQ66: 50 | ER66: 50 | ES66: 0 | ET66: 43.191223 | EU66: 43.191223 | EV66: 0 | EW66: 0 | EX66: 0 | EY66: 31.966044 | EZ66: 31.966044 | FA66: NA | FB66: 0 | FC66: 0 | FD66: 70 | FE66: 70 | FF66: 600 | FG66: 600 | FH66: 0 | FI66: 0 | FJ66: 110.48765 | FK66: 62.974916 | FL66: 20.3 | FM66: 36.976073 | FN66: NA | FO66: NA | FP66: 24.4 | FQ66: NA | FR66: 0 | FS66: 71.428571 | FT66: 0 | FU66: 0
A67: CJGT5 | B67: Stake | C67: UNBURNED | D67: UNBURNED | E67: No | F67: 37.284759300000005 | G67: -122.26722880000001 | H67: 1 | I67: 2025-08-28 08:29 | J67: No | K67: SESE | L67: 0 | M67: 0 | N67: 0 | O67: 0 | P67: 206.31 | Q67: 129.37142 | R67: 0 | S67: 1 | T67: 1 | U67: 0 | V67: 0 | W67: 0 | X67: 0 | Y67: 0.77884615 | Z67: 0 | AA67: 0.22115385 | AB67: 0 | AC67: 1 | AD67: 1 | AE67: 0 | AF67: 0 | AG67: NA | AH67: 3.5176991 | AI67: 96.482301 | AJ67: 0.35425136 | AK67: 0.50482883 | AL67: 1.246704 | AM67: 2.4804664 | AN67: 4.2319992 | AO67: 1.7673191 | AP67: 0 | AQ67: 1.7673191 | AR67: 1.7673191 | AS67: 5.9993183 | AT67: 7.125 | AU67: 0.875 | AV67: 80 | AW67: 80 | AX67: 0 | AY67: 0 | AZ67: 748.67994 | BA67: 748.67994 | BB67: 0 | BC67: 0 | BD67: 105.21539 | BE67: 105.21539 | BF67: NA | BG67: 0 | BH67: 0 | BI67: 0 | BJ67: NA | BK67: NA | BL67: NA | BM67: NA | BN67: NA | BO67: 0 | BP67: 0 | BQ67: 0 | BR67: NA | BS67: NA | BT67: NA | BU67: NA | BV67: NA | BW67: 10 | BX67: 40 | BY67: 30 | BZ67: 0 | CA67: 0 | CB67: 0 | CC67: 0 | CD67: 0 | CE67: 10 | CF67: 40 | CG67: 30 | CH67: 0 | CI67: 0 | CJ67: 0 | CK67: 0 | CL67: 0 | CM67: 0 | CN67: 0 | CO67: 0 | CP67: 0 | CQ67: 0 | CR67: 0 | CS67: 0 | CT67: 0 | CU67: 105.85415 | CV67: 626.50192 | CW67: 16.323874 | CX67: 0 | CY67: 0 | CZ67: 0 | DA67: 0 | DB67: 0 | DC67: 105.85415 | DD67: 626.50192 | DE67: 16.323874 | DF67: 0 | DG67: 0 | DH67: 0 | DI67: 0 | DJ67: 0 | DK67: 0 | DL67: 0 | DM67: 0 | DN67: 0 | DO67: 0 | DP67: 0 | DQ67: 0 | DR67: 0 | DS67: 111.9 | DT67: 136.11543 | DU67: 25.37039 | DV67: NA | DW67: NA | DX67: NA | DY67: NA | DZ67: NA | EA67: 111.9 | EB67: 136.11543 | EC67: 25.37039 | ED67: NA | EE67: NA | EF67: NA | EG67: NA | EH67: NA | EI67: NA | EJ67: NA | EK67: NA | EL67: NA | EM67: NA | EN67: NA | EO67: NA | EP67: NA | EQ67: 30 | ER67: 30 | ES67: 0 | ET67: 16.323874 | EU67: 16.323874 | EV67: 0 | EW67: 0 | EX67: 0 | EY67: 25.37039 | EZ67: 25.37039 | FA67: NA | FB67: 0 | FC67: 0 | FD67: 50 | FE67: 30 | FF67: 500 | FG67: 400 | FH67: 100 | FI67: 20 | FJ67: 111.9 | FK67: 136.11543 | FL67: 25.37039 | FM67: NA | FN67: NA | FO67: NA | FP67: NA | FQ67: NA | FR67: 0 | FS67: 75 | FT67: 0 | FU67: 0
A68: CJGT6 | B68: Stake | C68: UNBURNED | D68: UNBURNED | E68: Yes | F68: 37.28360699966667 | G68: -122.26583843416664 | H68: 2 | I68: 2025-08-25 14:31 | J68: No | K68: SESE | L68: 0 | M68: 0 | N68: 0 | O68: 110.13 | P68: 269.88998 | Q68: 215.44159 | R68: 0 | S68: 1 | T68: 1 | U68: 0 | V68: 0 | W68: 0 | X68: 0 | Y68: 0 | Z68: 0 | AA68: 1 | AB68: 0 | AC68: 1 | AD68: 1 | AE68: 0 | AF68: 0 | AG68: NA | AH68: 0 | AI68: 100 | AK68: 0.76538565 | AL68: 1.246704 | AM68: 1.2402332 | AN68: 3.2523228 | AO68: 3.9491944 | AP68: 0 | AQ68: 3.9491944 | AR68: 3.9491944 | AS68: 7.2015173 | AT68: 7.5 | AU68: 5.5 | AV68: 110 | AW68: 90 | AX68: 20 | AY68: 18.181818 | AZ68: 908.93164 | BA68: 905.65701 | BB68: 3.2746318 | BC68: 0.36027262 | BD68: 98.865648 | BE68: 109.10302 | BF68: 13.916896 | BG68: NA | BH68: 18.181818 | BI68: NA | BJ68: NA | BK68: NA | BL68: NA | BM68: NA | BN68: NA | BO68: NA | BP68: 0.36027262 | BQ68: NA | BR68: NA | BS68: NA | BT68: NA | BU68: NA | BV68: NA | BW68: 0 | BX68: 110 | BY68: 0 | BZ68: 0 | CA68: 0 | CB68: 0 | CC68: 0 | CD68: 0 | CE68: 0 | CF68: 90 | CG68: 0 | CH68: 0 | CI68: 0 | CJ68: 0 | CK68: 0 | CL68: 0 | CM68: 0 | CN68: 20 | CO68: 0 | CP68: 0 | CQ68: 0 | CR68: 0 | CS68: 0 | CT68: 0 | CU68: 0 | CV68: 908.93164 | CW68: 0 | CX68: 0 | CY68: 0 | CZ68: 0 | DA68: 0 | DB68: 0 | DC68: 0 | DD68: 905.65701 | DE68: 0 | DF68: 0 | DG68: 0 | DH68: 0 | DI68: 0 | DJ68: 0 | DK68: 0 | DL68: 3.2746318 | DM68: 0 | DN68: 0 | DO68: 0 | DP68: 0 | DQ68: 0 | DR68: 0 | DS68: NA | DT68: 98.865648 | DU68: NA | DV68: NA | DW68: NA | DX68: NA | DY68: NA | DZ68: NA | EA68: NA | EB68: 109.10302 | EC68: NA | ED68: NA | EE68: NA | EF68: NA | EG68: NA | EH68: NA | EI68: NA | EJ68: 13.916896 | EK68: NA | EL68: NA | EM68: NA | EN68: NA | EO68: NA | EP68: NA | EQ68: 0 | ER68: 0 | ES68: 0 | ET68: 0 | EU68: 0 | EV68: 0 | EW68: NA | EX68: NA | EY68: NA | EZ68: NA | FA68: NA | FB68: 0 | FC68: 40 | FD68: 60 | FE68: 50 | FF68: 0 | FG68: 0 | FH68: 0 | FI68: NA | FJ68: NA | FK68: 109.10302 | FL68: NA | FM68: NA | FN68: NA | FO68: NA | FP68: NA | FQ68: NA | FR68: 27.272727 | FS68: 63.636364 | FT68: 0 | FU68: 9.0909091
A69: CJGT7 | B69: Stake | C69: UNBURNED | D69: UNBURNED | E69: No | F69: 37.284438900000005 | G69: -122.2671957 | H69: 1 | I69: 2025-08-25 14:41 | J69: No | K69: SESE | L69: 0 | M69: 0 | N69: 0 | O69: 2.9399998 | P69: 178.25999 | Q69: 113.17559 | R69: 0 | S69: 1 | T69: 0.944 | U69: 0.056 | V69: 0 | W69: 0 | X69: 0.056 | Y69: 0.24 | Z69: 0 | AA69: 0.704 | AB69: 0 | AC69: 1 | AD69: 0.944 | AE69: 0.056 | AF69: 0 | AG69: NA | AH69: 0.77433628 | AI69: 99.225664 | AJ69: 0.275 | AK69: 0.79795525 | AL69: 3.4284359 | AM69: 8.6816324 | AN69: 12.908024 | AO69: 15.207671 | AP69: 0 | AQ69: 15.207671 | AR69: 15.207671 | AS69: 28.115695 | AT69: 12.5 | AU69: 1.75 | AV69: 180 | AW69: 170 | AX69: 10 | AY69: 5.5555556 | AZ69: 655.62176 | BA69: 645.14727 | BB69: 10.474493 | BC69: 1.5976427 | BD69: 65.639698 | BE69: 67.000975 | BF69: 35.2 | BG69: NA | BH69: 0 | BI69: NA | BJ69: 0 | BK69: 100 | BL69: NA | BM69: NA | BN69: NA | BO69: NA | BP69: 0 | BQ69: NA | BR69: 0 | BS69: 100 | BT69: NA | BU69: NA | BV69: NA | BW69: 0 | BX69: 160 | BY69: 0 | BZ69: 10 | CA69: 10 | CB69: 0 | CC69: 0 | CD69: 0 | CE69: 0 | CF69: 160 | CG69: 0 | CH69: 10 | CI69: 0 | CJ69: 0 | CK69: 0 | CL69: 0 | CM69: 0 | CN69: 0 | CO69: 0 | CP69: 0 | CQ69: 10 | CR69: 0 | CS69: 0 | CT69: 0 | CU69: 0 | CV69: 623.84356 | CW69: 0 | CX69: 21.303705 | CY69: 10.474493 | CZ69: 0 | DA69: 0 | DB69: 0 | DC69: 0 | DD69: 623.84356 | DE69: 0 | DF69: 21.303705 | DG69: 0 | DH69: 0 | DI69: 0 | DJ69: 0 | DK69: 0 | DL69: 0 | DM69: 0 | DN69: 0 | DO69: 10.474493 | DP69: 0 | DQ69: 0 | DR69: 0 | DS69: NA | DT69: 67.913171 | DU69: NA | DV69: 50.2 | DW69: 35.2 | DX69: NA | DY69: NA | DZ69: NA | EA69: NA | EB69: 67.913171 | EC69: NA | ED69: 50.2 | EE69: NA | EF69: NA | EG69: NA | EH69: NA | EI69: NA | EJ69: NA | EK69: NA | EL69: NA | EM69: 35.2 | EN69: NA | EO69: NA | EP69: NA | EQ69: 20 | ER69: 10 | ES69: 10 | ET69: 31.778198 | EU69: 21.303705 | EV69: 10.474493 | EW69: 50 | EX69: 32.961256 | EY69: 43.353662 | EZ69: 50.2 | FA69: 35.2 | FB69: 9.0909091 | FC69: 0 | FD69: 110 | FE69: 70 | FF69: 0 | FG69: 0 | FH69: 0 | FI69: NA | FJ69: NA | FK69: 67.913171 | FL69: NA | FM69: 50.2 | FN69: NA | FO69: NA | FP69: NA | FQ69: NA | FR69: 0 | FS69: 61.111111 | FT69: 0 | FU69: 0
A70: CJGT8 | B70: Stake | C70: UNBURNED | D70: UNBURNED | E70: Yes | F70: 37.2842802 | G70: -122.26107920000001 | H70: 1 | I70: 2025-08-26 14:18 | J70: No | K70: SESE | L70: 0 | M70: 0 | N70: 0 | O70: 0 | P70: 225.64999 | Q70: 157.54096 | R70: 0.068965517 | S70: 0.93103448 | T70: 0.93103448 | U70: 0 | V70: 0 | W70: 0.4137931 | X70: 0 | Y70: 0 | Z70: 0 | AA70: 0.51724138 | AB70: 0.068965517 | AC70: 0.93103448 | AD70: 0.93103448 | AE70: 0 | AF70: 0 | AG70: NA | AH70: 19.247788 | AI70: 80.752212 | AJ70: 0.92121195 | AK70: 1.1887905 | AL70: 2.493408 | AM70: 3.7206996 | AN70: 7.402898 | AO70: 0 | AP70: 0 | AQ70: 0 | AR70: 0 | AS70: 7.402898 | AT70: 5.25 | AU70: 4 | AV70: 80 | AW70: 70 | AX70: 10 | AY70: 12.5 | AZ70: 393.39405 | BA70: 391.89868 | BB70: 1.495378 | BC70: 0.38012216 | BD70: 76.268473 | BE70: 81.379315 | BF70: 13.3 | BG70: 0 | BH70: 16.666667 | BI70: NA | BJ70: NA | BK70: NA | BL70: NA | BM70: NA | BN70: NA | BO70: 0 | BP70: 0.67762756 | BQ70: NA | BR70: NA | BS70: NA | BT70: NA | BU70: NA | BV70: NA | BW70: 20 | BX70: 60 | BY70: 0 | BZ70: 0 | CA70: 0 | CB70: 0 | CC70: 0 | CD70: 0 | CE70: 20 | CF70: 50 | CG70: 0 | CH70: 0 | CI70: 0 | CJ70: 0 | CK70: 0 | CL70: 0 | CM70: 0 | CN70: 10 | CO70: 0 | CP70: 0 | CQ70: 0 | CR70: 0 | CS70: 0 | CT70: 0 | CU70: 172.71561 | CV70: 220.67845 | CW70: 0 | CX70: 0 | CY70: 0 | CZ70: 0 | DA70: 0 | DB70: 0 | DC70: 172.71561 | DD70: 219.18307 | DE70: 0 | DF70: 0 | DG70: 0 | DH70: 0 | DI70: 0 | DJ70: 0 | DK70: 0 | DL70: 1.495378 | DM70: 0 | DN70: 0 | DO70: 0 | DP70: 0 | DQ70: 0 | DR70: 0 | DS70: 101.07109 | DT70: 65.959975 | DU70: NA | DV70: NA | DW70: NA | DX70: NA | DY70: NA | DZ70: NA | EA70: 101.07109 | EB70: 72.010305 | EC70: NA | ED70: NA | EE70: NA | EF70: NA | EG70: NA | EH70: NA | EI70: NA | EJ70: 13.3 | EK70: NA | EL70: NA | EM70: NA | EN70: NA | EO70: NA | EP70: NA | EQ70: 0 | ER70: 0 | ES70: 0 | ET70: 0 | EU70: 0 | EV70: 0 | EW70: NA | EX70: NA | EY70: NA | EZ70: NA | FA70: NA | FB70: 0 | FC70: 50 | FD70: 60 | FE70: 20 | FF70: 0 | FG70: 0 | FH70: 0 | FI70: NA | FJ70: 101.07109 | FK70: 72.010305 | FL70: NA | FM70: NA | FN70: NA | FO70: NA | FP70: NA | FQ70: NA | FR70: 12.5 | FS70: 100 | FT70: 0 | FU70: 0
A71: CJGT9 | B71: Stake | C71: UNBURNED | D71: UNBURNED | E71: No | F71: 37.2844902 | G71: -122.2656627 | H71: 1 | I71: 2025-08-25 10:10 | J71: No | K71: SESE | L71: 0 | M71: 0 | N71: 0 | O71: 8.5699997 | P71: 253.92999 | Q71: 208.76658 | R71: 0 | S71: 1 | T71: 1 | U71: 0 | V71: 0 | W71: 0 | X71: 0 | Y71: 0.057692308 | Z71: 0 | AA71: 0.94230769 | AB71: 0 | AC71: 1 | AD71: 1 | AE71: 0 | AF71: 0 | AG71: NA | AH71: 0 | AI71: 100 | AK71: 0.70024645 | AL71: 0.62335199 | AM71: 6.201166 | AN71: 7.5247644 | AO71: 3.1419005 | AP71: 0 | AQ71: 3.1419005 | AR71: 3.1419005 | AS71: 10.666665 | AT71: 1.125 | AU71: 2 | AV71: 180 | AW71: 180 | AX71: 0 | AY71: 0 | AZ71: 2540.6338 | BA71: 2540.6338 | BB71: 0 | BC71: 0 | BD71: 129.21441 | BE71: 129.21441 | BF71: NA | BG71: NA | BH71: 0 | BI71: NA | BJ71: NA | BK71: NA | BL71: NA | BM71: NA | BN71: NA | BO71: NA | BP71: 0 | BQ71: NA | BR71: NA | BS71: NA | BT71: NA | BU71: NA | BV71: NA | BW71: 0 | BX71: 180 | BY71: 0 | BZ71: 0 | CA71: 0 | CB71: 0 | CC71: 0 | CD71: 0 | CE71: 0 | CF71: 180 | CG71: 0 | CH71: 0 | CI71: 0 | CJ71: 0 | CK71: 0 | CL71: 0 | CM71: 0 | CN71: 0 | CO71: 0 | CP71: 0 | CQ71: 0 | CR71: 0 | CS71: 0 | CT71: 0 | CU71: 0 | CV71: 2540.6338 | CW71: 0 | CX71: 0 | CY71: 0 | CZ71: 0 | DA71: 0 | DB71: 0 | DC71: 0 | DD71: 2540.6338 | DE71: 0 | DF71: 0 | DG71: 0 | DH71: 0 | DI71: 0 | DJ71: 0 | DK71: 0 | DL71: 0 | DM71: 0 | DN71: 0 | DO71: 0 | DP71: 0 | DQ71: 0 | DR71: 0 | DS71: NA | DT71: 129.21441 | DU71: NA | DV71: NA | DW71: NA | DX71: NA | DY71: NA | DZ71: NA | EA71: NA | EB71: 129.21441 | EC71: NA | ED71: NA | EE71: NA | EF71: NA | EG71: NA | EH71: NA | EI71: NA | EJ71: NA | EK71: NA | EL71: NA | EM71: NA | EN71: NA | EO71: NA | EP71: NA | EQ71: 0 | ER71: 0 | ES71: 0 | ET71: 0 | EU71: 0 | EV71: 0 | EW71: NA | EX71: NA | EY71: NA | EZ71: NA | FA71: NA | FB71: 0 | FC71: 0 | FD71: 150 | FE71: 30 | FF71: 0 | FG71: 0 | FH71: 0 | FI71: NA | FJ71: NA | FK71: 129.21441 | FL71: NA | FM71: NA | FN71: NA | FO71: NA | FP71: NA | FQ71: NA | FR71: 11.111111 | FS71: 77.777778 | FT71: 0 | FU71: 0
A72: CJGU14 | B72: Stake | C72: UNBURNED | D72: UNBURNED | E72: No | F72: 37.284011 | G72: -122.26749939999999 | H72: 3 | I72: 2025-08-27 14:28 | J72: No | K72: SESE | L72: 0 | M72: 0 | N72: 0 | O72: 9.3099995 | P72: 153.45 | Q72: 116.47198 | R72: 0 | S72: 1 | T72: 1 | U72: 0 | V72: 0 | W72: 0 | X72: 0 | Y72: 0.86440678 | Z72: 0 | AA72: 0.13559322 | AB72: 0 | AC72: 1 | AD72: 1 | AE72: 0 | AF72: 0 | AG72: NA | AH72: 3.1637168 | AI72: 96.836283 | AJ72: 0.68928571 | AK72: 0.91194886 | AL72: 5.2984919 | AM72: 7.4413992 | AN72: 13.65184 | AO72: 1.7673191 | AP72: 33.00632 | AQ72: 34.773639 | AR72: 34.773639 | AS72: 48.425479 | AT72: 9.375 | AU72: 7.75 | AV72: 140 | AW72: 130 | AX72: 10 | AY72: 7.1428571 | AZ72: 346.45048 | BA72: 345.48261 | BB72: 0.96786605 | BC72: 0.27936635 | BD72: 54.104416 | BE72: 56.068324 | BF72: 10.7 | BG72: 0 | BH72: 0 | BI72: 25 | BJ72: NA | BK72: NA | BL72: NA | BM72: 0 | BN72: NA | BO72: 0 | BP72: 0 | BQ72: 20.779339 | BR72: NA | BS72: NA | BT72: NA | BU72: 0 | BV72: NA | BW72: 30 | BX72: 60 | BY72: 40 | BZ72: 0 | CA72: 0 | CB72: 0 | CC72: 10 | CD72: 0 | CE72: 30 | CF72: 60 | CG72: 30 | CH72: 0 | CI72: 0 | CJ72: 0 | CK72: 10 | CL72: 0 | CM72: 0 | CN72: 0 | CO72: 10 | CP72: 0 | CQ72: 0 | CR72: 0 | CS72: 0 | CT72: 0 | CU72: 128.62711 | CV72: 208.88585 | CW72: 4.6578289 | CX72: 0 | CY72: 0 | CZ72: 0 | DA72: 4.2796942 | DB72: 0 | DC72: 128.62711 | DD72: 208.88585 | DE72: 3.6899629 | DF72: 0 | DG72: 0 | DH72: 0 | DI72: 4.2796942 | DJ72: 0 | DK72: 0 | DL72: 0 | DM72: 0.96786605 | DN72: 0 | DO72: 0 | DP72: 0 | DQ72: 0 | DR72: 0 | DS72: 71.216688 | DT72: 64.173398 | DU72: 11.736482 | DV72: NA | DW72: NA | DX72: NA | DY72: 22.5 | DZ72: NA | EA72: 71.216688 | EB72: 64.173398 | EC72: 12.0622 | ED72: NA | EE72: NA | EF72: NA | EG72: 22.5 | EH72: NA | EI72: NA | EJ72: NA | EK72: 10.7 | EL72: NA | EM72: NA | EN72: NA | EO72: NA | EP72: NA | EQ72: 50 | ER72: 40 | ES72: 10 | ET72: 8.9375231 | EU72: 7.9696571 | EV72: 0.96786605 | EW72: 20 | EX72: 10.829242 | EY72: 14.541183 | EZ72: 15.352036 | FA72: 10.7 | FB72: 0 | FC72: 12.5 | FD72: 60 | FE72: 80 | FF72: 0 | FG72: 0 | FH72: 0 | FI72: NA | FJ72: 71.216688 | FK72: 64.173398 | FL72: 12.0622 | FM72: NA | FN72: NA | FO72: NA | FP72: 22.5 | FQ72: NA | FR72: 0 | FS72: 78.571429 | FT72: 0 | FU72: 0
A73: CJGU15 | B73: Stake | C73: UNBURNED | D73: UNBURNED | E73: No | F73: 37.28369766833334 | G73: -122.26891164333335 | H73: 1 | I73: 2025-08-27 14:43 | J73: No | K73: SESE | L73: 0 | M73: 0 | N73: 0 | O73: 20.01 | P73: 154.45 | Q73: 90.524186 | R73: 0.0042194093 | S73: 0.99578059 | T73: 0.99578059 | U73: 0 | V73: 0 | W73: 0.25316456 | X73: 0 | Y73: 0.6835443 | Z73: 0 | AA73: 0.05907173 | AB73: 0.0042194093 | AC73: 0.99578059 | AD73: 0.99578059 | AE73: 0 | AF73: 0 | AG73: NA | AH73: 8.5840708 | AI73: 91.415929 | AJ73: 2.7397476 | AK73: 1.6447649 | AL73: 5.2984919 | AM73: 4.9609328 | AN73: 11.90419 | AO73: 50.901625 | AP73: 18.713781 | AQ73: 69.615407 | AR73: 69.615407 | AS73: 81.519596 | AT73: 5.5 | AU73: 2.25 | AV73: 150 | AW73: 110 | AX73: 40 | AY73: 26.666667 | AZ73: 221.34959 | BA73: 200.2519 | BB73: 21.097688 | BC73: 9.5313878 | BD73: 41.780139 | BE73: 46.405358 | BF73: 24.978341 | BG73: 0 | BH73: 0 | BI73: 20 | BJ73: 25 | BK73: 100 | BL73: NA | BM73: 0 | BN73: NA | BO73: 0 | BP73: 0 | BQ73: 7.1028816 | BR73: 2.3454974 | BS73: 100 | BT73: NA | BU73: 0 | BV73: NA | BW73: 20 | BX73: 10 | BY73: 50 | BZ73: 40 | CA73: 20 | CB73: 0 | CC73: 10 | CD73: 0 | CE73: 20 | CF73: 10 | CG73: 40 | CH73: 30 | CI73: 0 | CJ73: 0 | CK73: 10 | CL73: 0 | CM73: 0 | CN73: 0 | CO73: 10 | CP73: 10 | CQ73: 20 | CR73: 0 | CS73: 0 | CT73: 0 | CU73: 22.335143 | CV73: 75.334115 | CW73: 46.659868 | CX73: 56.316126 | CY73: 16.462599 | CZ73: 0 | DA73: 4.241737 | DB73: 0 | DC73: 22.335143 | DD73: 75.334115 | DE73: 43.345673 | DF73: 54.995233 | DG73: 0 | DH73: 0 | DI73: 4.241737 | DJ73: 0 | DK73: 0 | DL73: 0 | DM73: 3.3141952 | DN73: 1.3208933 | DO73: 16.462599 | DP73: 0 | DQ73: 0 | DR73: 0 | DS73: 36.345908 | DT73: 94.4 | DU73: 33.22484 | DV73: 40.809619 | DW73: 31.204006 | DX73: NA | DY73: 22.4 | DZ73: NA | EA73: 36.345908 | EB73: 94.4 | EC73: 35.802968 | ED73: 46.566977 | EE73: NA | EF73: NA | EG73: 22.4 | EH73: NA | EI73: NA | EJ73: NA | EK73: 19.8 | EL73: 12.5 | EM73: 31.204006 | EN73: NA | EO73: NA | EP73: NA | EQ73: 120 | ER73: 80 | ES73: 40 | ET73: 123.68033 | EU73: 102.58264 | EV73: 21.097688 | EW73: 33.333333 | EX73: 17.05824 | EY73: 34.916913 | EZ73: 38.94647 | FA73: 24.978341 | FB73: 22.222222 | FC73: 33.333333 | FD73: 90 | FE73: 60 | FF73: 0 | FG73: 0 | FH73: 0 | FI73: NA | FJ73: 36.345908 | FK73: 94.4 | FL73: 35.802968 | FM73: 46.566977 | FN73: NA | FO73: NA | FP73: 22.4 | FQ73: NA | FR73: 0 | FS73: 80 | FT73: 0 | FU73: 0
A74: CJGU16 | B74: Stake | C74: UNBURNED | D74: UNBURNED | E74: Yes | F74: 37.28374393 | G74: -122.26798418666668 | H74: 1 | I74: 082725 -0827 | J74: No | K74: SESE | L74: 0 | M74: 0 | N74: 0 | O74: 0 | P74: 181.31999 | Q74: 115.2807 | R74: 0 | S74: 1 | T74: 1 | U74: 0 | V74: 0 | W74: 0.21428571 | X74: 0 | Y74: 0.66964286 | Z74: 0 | AA74: 0.11607143 | AB74: 0 | AC74: 1 | AD74: 1 | AE74: 0 | AF74: 0 | AG74: NA | AH74: 12.5 | AI74: 87.5 | AJ74: 2.2604839 | AK74: 0.83052486 | AL74: 4.9868159 | AM74: 7.4413992 | AN74: 13.25874 | AO74: 2.1384561 | AP74: 7.9202076 | AQ74: 10.058664 | AR74: 10.058664 | AS74: 23.317404 | AT74: 6.25 | AU74: 4.75 | AV74: 210 | AW74: 160 | AX74: 50 | AY74: 23.809524 | AZ74: 313.72597 | BA74: 293.05985 | BB74: 20.666125 | BC74: 6.5873173 | BD74: 42.03797 | BE74: 46.547281 | BF74: 22.111626 | BG74: 0 | BH74: 44.444444 | BI74: 10 | BJ74: NA | BK74: NA | BL74: NA | BM74: NA | BN74: NA | BO74: 0 | BP74: 6.8620145 | BQ74: 7.0713525 | BR74: NA | BS74: NA | BT74: NA | BU74: NA | BV74: NA | BW74: 20 | BX74: 90 | BY74: 100 | BZ74: 0 | CA74: 0 | CB74: 0 | CC74: 0 | CD74: 0 | CE74: 20 | CF74: 50 | CG74: 90 | CH74: 0 | CI74: 0 | CJ74: 0 | CK74: 0 | CL74: 0 | CM74: 0 | CN74: 40 | CO74: 10 | CP74: 0 | CQ74: 0 | CR74: 0 | CS74: 0 | CT74: 0 | CU74: 14.573024 | CV74: 233.13212 | CW74: 66.020824 | CX74: 0 | CY74: 0 | CZ74: 0 | DA74: 0 | DB74: 0 | DC74: 14.573024 | DD74: 217.13456 | DE74: 61.352259 | DF74: 0 | DG74: 0 | DH74: 0 | DI74: 0 | DJ74: 0 | DK74: 0 | DL74: 15.99756 | DM74: 4.6685652 | DN74: 0 | DO74: 0 | DP74: 0 | DQ74: 0 | DR74: 0 | DS74: 29.358644 | DT74: 55.354885 | DU74: 27.945805 | DV74: NA | DW74: NA | DX74: NA | DY74: NA | DZ74: NA | EA74: 29.358644 | EB74: 71.673007 | EC74: 28.39685 | ED74: NA | EE74: NA | EF74: NA | EG74: NA | EH74: NA | EI74: NA | EJ74: 21.75069 | EK74: 23.5 | EL74: NA | EM74: NA | EN74: NA | EO74: NA | EP74: NA | EQ74: 100 | ER74: 90 | ES74: 10 | ET74: 66.020824 | EU74: 61.352259 | EV74: 4.6685652 | EW74: 10 | EX74: 7.0713525 | EY74: 27.945805 | EZ74: 28.39685 | FA74: 23.5 | FB74: 11.111111 | FC74: 33.333333 | FD74: 90 | FE74: 120 | FF74: 1000 | FG74: 900 | FH74: 100 | FI74: 10 | FJ74: 29.358644 | FK74: 71.673007 | FL74: 28.39685 | FM74: NA | FN74: NA | FO74: NA | FP74: NA | FQ74: NA | FR74: 0 | FS74: 95.238095 | FT74: 0 | FU74: 0
A75: CJGU17 | B75: Stake | C75: UNBURNED | D75: UNBURNED | E75: No | F75: 37.2834113 | G75: -122.2676289 | H75: 2 | I75: 2025-08-27 08:41 | J75: No | K75: SESE | L75: 0 | M75: 0 | N75: 0 | O75: 3.6799998 | P75: 189.28999 | Q75: 146.43664 | R75: 0 | S75: 1 | T75: 0.96 | U75: 0.04 | V75: 0 | W75: 0.10666667 | X75: 0 | Y75: 0.4 | Z75: 0.04 | AA75: 0.45333333 | AB75: 0 | AC75: 1 | AD75: 0.96 | AE75: 0.04 | AF75: 0 | AG75: NA | AH75: 10.110619 | AI75: 89.889381 | AJ75: 1.1232877 | AK75: 1.1887905 | AL75: 3.4284359 | AM75: 2.4804664 | AN75: 7.0976928 | AO75: 1.9691425 | AP75: 49.501298 | AQ75: 51.47044 | AR75: 51.47044 | AS75: 58.568133 | AT75: 7.5 | AU75: 3.625 | AV75: 210 | AW75: 180 | AX75: 30 | AY75: 14.285714 | AZ75: 867.96552 | BA75: 859.93203 | BB75: 8.0334826 | BC75: 0.9255532 | BD75: 69.922627 | BE75: 75.174745 | BF75: 17.797846 | BG75: 0 | BH75: 6.6666667 | BI75: 33.333333 | BJ75: NA | BK75: 100 | BL75: NA | BM75: NA | BN75: NA | BO75: 0 | BP75: 0.13796072 | BQ75: 37.013956 | BR75: NA | BS75: 100 | BT75: NA | BU75: NA | BV75: NA | BW75: 20 | BX75: 150 | BY75: 30 | BZ75: 0 | CA75: 10 | CB75: 0 | CC75: 0 | CD75: 0 | CE75: 20 | CF75: 140 | CG75: 20 | CH75: 0 | CI75: 0 | CJ75: 0 | CK75: 0 | CL75: 0 | CM75: 0 | CN75: 10 | CO75: 10 | CP75: 0 | CQ75: 10 | CR75: 0 | CS75: 0 | CT75: 0 | CU75: 220.47378 | CV75: 637.51821 | CW75: 4.4764967 | CX75: 0 | CY75: 5.4970294 | CZ75: 0 | DA75: 0 | DB75: 0 | DC75: 220.47378 | DD75: 636.63868 | DE75: 2.8195682 | DF75: 0 | DG75: 0 | DH75: 0 | DI75: 0 | DJ75: 0 | DK75: 0 | DL75: 0.87952471 | DM75: 1.6569285 | DN75: 0 | DO75: 5.4970294 | DP75: 0 | DQ75: 0 | DR75: 0 | DS75: 114.19304 | DT75: 70.904993 | DU75: 13.285707 | DV75: NA | DW75: 25.5 | DX75: NA | DY75: NA | DZ75: NA | EA75: 114.19304 | EB75: 73.342996 | EC75: 12.913752 | ED75: NA | EE75: NA | EF75: NA | EG75: NA | EH75: NA | EI75: NA | EJ75: 10.2 | EK75: 14 | EL75: NA | EM75: 25.5 | EN75: NA | EO75: NA | EP75: NA | EQ75: 40 | ER75: 20 | ES75: 20 | ET75: 9.9735261 | EU75: 2.8195682 | EV75: 7.1539579 | EW75: 50 | EX75: 71.729475 | EY75: 17.173963 | EZ75: 12.913752 | FA75: 20.570002 | FB75: 0 | FC75: 25 | FD75: 90 | FE75: 120 | FF75: 0 | FG75: 0 | FH75: 0 | FI75: NA | FJ75: 114.19304 | FK75: 73.342996 | FL75: 12.913752 | FM75: NA | FN75: NA | FO75: NA | FP75: NA | FQ75: NA | FR75: 0 | FS75: 85.714286 | FT75: 0 | FU75: 14.285714
A76: CJGU18 | B76: Stake | C76: UNBURNED | D76: UNBURNED | E76: No | F76: 37.283346110000004 | G76: -122.26887971166668 | H76: 3 | I76: 2025-08-27 11:22 | J76: No | K76: SESE | L76: 0 | M76: 0 | N76: 0 | O76: 27.719999 | P76: 198.78 | Q76: 135.32879 | R76: 0 | S76: 1 | T76: 1 | U76: 0 | V76: 0 | W76: 0 | X76: 0 | Y76: 0.73469388 | Z76: 0 | AA76: 0.26530612 | AB76: 0 | AC76: 1 | AD76: 1 | AE76: 0 | AF76: 0 | AG76: NA | AH76: 12.5 | AI76: 87.5 | AJ76: 1.8318584 | AK76: 2.4915746 | AL76: 5.6101679 | AM76: 12.402332 | AN76: 20.504074 | AO76: 189.06496 | AP76: 3.2073568 | AQ76: 192.27231 | AR76: 192.27231 | AS76: 212.77639 | AT76: 9.375 | AU76: 8 | AV76: 180 | AW76: 150 | AX76: 30 | AY76: 16.666667 | AZ76: 999.94571 | BA76: 995.1604 | BB76: 4.785311 | BC76: 0.47855708 | BD76: 81.064014 | BE76: 88.588442 | BF76: 13.736327 | BG76: NA | BH76: 16.666667 | BI76: 16.666667 | BJ76: NA | BK76: NA | BL76: NA | BM76: NA | BN76: NA | BO76: NA | BP76: 0.24708953 | BQ76: 3.880479 | BR76: NA | BS76: NA | BT76: NA | BU76: NA | BV76: NA | BW76: 0 | BX76: 120 | BY76: 60 | BZ76: 0 | CA76: 0 | CB76: 0 | CC76: 0 | CD76: 0 | CE76: 0 | CF76: 100 | CG76: 50 | CH76: 0 | CI76: 0 | CJ76: 0 | CK76: 0 | CL76: 0 | CM76: 0 | CN76: 20 | CO76: 10 | CP76: 0 | CQ76: 0 | CR76: 0 | CS76: 0 | CT76: 0 | CU76: 0 | CV76: 936.24348 | CW76: 63.702223 | CX76: 0 | CY76: 0 | CZ76: 0 | DA76: 0 | DB76: 0 | DC76: 0 | DD76: 933.93012 | DE76: 61.230272 | DF76: 0 | DG76: 0 | DH76: 0 | DI76: 0 | DJ76: 0 | DK76: 0 | DL76: 2.3133596 | DM76: 2.4719514 | DN76: 0 | DO76: 0 | DP76: 0 | DQ76: 0 | DR76: 0 | DS76: NA | DT76: 96.068261 | DU76: 35.438703 | DV76: NA | DW76: NA | DX76: NA | DY76: NA | DZ76: NA | EA76: NA | EB76: 105.10741 | EC76: 38.060478 | ED76: NA | EE76: NA | EF76: NA | EG76: NA | EH76: NA | EI76: NA | EJ76: 11.697222 | EK76: 17.1 | EL76: NA | EM76: NA | EN76: NA | EO76: NA | EP76: NA | EQ76: 60 | ER76: 50 | ES76: 10 | ET76: 63.702223 | EU76: 61.230272 | EV76: 2.4719514 | EW76: 16.666667 | EX76: 3.880479 | EY76: 35.438703 | EZ76: 38.060478 | FA76: 17.1 | FB76: 0 | FC76: 33.333333 | FD76: 90 | FE76: 90 | FF76: 0 | FG76: 0 | FH76: 0 | FI76: NA | FJ76: NA | FK76: 105.10741 | FL76: 38.060478 | FM76: NA | FN76: NA | FO76: NA | FP76: NA | FQ76: NA | FR76: 0 | FS76: 100 | FT76: 0 | FU76: 5.5555556
A77: CJGU19 | B77: Stake | C77: UNBURNED | D77: UNBURNED | E77: Yes | F77: 37.285535329333335 | G77: -122.26182341666666 | H77: 2 | I77: 2025-08-26 14:38 | J77: No | K77: SESE | L77: 0 | M77: 0 | N77: 0 | O77: 0 | P77: 127.75 | Q77: 68.679722 | R77: 0.087378641 | S77: 0.91262136 | T77: 0.91262136 | U77: 0 | V77: 0 | W77: 0 | X77: 0 | Y77: 0.17475728 | Z77: 0 | AA77: 0.73786408 | AB77: 0.087378641 | AC77: 0.91262136 | AD77: 0.91262136 | AE77: 0 | AF77: 0 | AG77: NA | AH77: 51.216814 | AI77: 48.783186 | AJ77: 0.36337406 | AK77: 1.2539297 | AL77: 2.805084 | AM77: 8.6816324 | AN77: 12.740646 | AO77: 75.492888 | AP77: 0 | AQ77: 75.492888 | AR77: 75.492888 | AS77: 88.233534 | AT77: 10 | AU77: 1.5 | AV77: 120 | AW77: 120 | AX77: 0 | AY77: 0 | AZ77: 475.45234 | BA77: 475.45234 | BB77: 0 | BC77: 0 | BD77: 68.460335 | BE77: 68.460335 | BF77: NA | BG77: 0 | BH77: 0 | BI77: NA | BJ77: 0 | BK77: NA | BL77: NA | BM77: NA | BN77: NA | BO77: 0 | BP77: 0 | BQ77: NA | BR77: 0 | BS77: NA | BT77: NA | BU77: NA | BV77: NA | BW77: 10 | BX77: 100 | BY77: 0 | BZ77: 10 | CA77: 0 | CB77: 0 | CC77: 0 | CD77: 0 | CE77: 10 | CF77: 100 | CG77: 0 | CH77: 10 | CI77: 0 | CJ77: 0 | CK77: 0 | CL77: 0 | CM77: 0 | CN77: 0 | CO77: 0 | CP77: 0 | CQ77: 0 | CR77: 0 | CS77: 0 | CT77: 0 | CU77: 59.791533 | CV77: 411.71664 | CW77: 0 | CX77: 3.9441662 | CY77: 0 | CZ77: 0 | DA77: 0 | DB77: 0 | DC77: 59.791533 | DD77: 411.71664 | DE77: 0 | DF77: 3.9441662 | DG77: 0 | DH77: 0 | DI77: 0 | DJ77: 0 | DK77: 0 | DL77: 0 | DM77: 0 | DN77: 0 | DO77: 0 | DP77: 0 | DQ77: 0 | DR77: 0 | DS77: 84.1 | DT77: 69.787133 | DU77: NA | DV77: 21.6 | DW77: NA | DX77: NA | DY77: NA | DZ77: NA | EA77: 84.1 | EB77: 69.787133 | EC77: NA | ED77: 21.6 | EE77: NA | EF77: NA | EG77: NA | EH77: NA | EI77: NA | EJ77: NA | EK77: NA | EL77: NA | EM77: NA | EN77: NA | EO77: NA | EP77: NA | EQ77: 10 | ER77: 10 | ES77: 0 | ET77: 3.9441662 | EU77: 3.9441662 | EV77: 0 | EW77: 0 | EX77: 0 | EY77: 21.6 | EZ77: 21.6 | FA77: NA | FB77: 0 | FC77: 0 | FD77: 70 | FE77: 50 | FF77: 0 | FG77: 0 | FH77: 0 | FI77: NA | FJ77: 84.1 | FK77: 69.787133 | FL77: NA | FM77: 21.6 | FN77: NA | FO77: NA | FP77: NA | FQ77: NA | FR77: 0 | FS77: 91.666667 | FT77: 0 | FU77: 0
A78: CJGU20 | B78: Stake | C78: UNBURNED | D78: UNBURNED | E78: No | F78: 37.285536604 | G78: -122.26237332150001 | H78: 2 | I78: 2025-08-26 12:59 | J78: No | K78: SESE | L78: 1 | M78: 0 | N78: 0 | O78: 0.029999999 | P78: 158.7 | Q78: 105.69643 | R78: 0 | S78: 1 | T78: 1 | U78: 0 | V78: 0 | W78: 0 | X78: 0 | Y78: 0.057692308 | Z78: 0 | AA78: 0.94230769 | AB78: 0 | AC78: 1 | AD78: 1 | AE78: 0 | AF78: 0 | AG78: NA | AH78: 41.438053 | AI78: 58.561947 | AJ78: 0.45336278 | AK78: 0.84680966 | AL78: 2.493408 | AM78: 4.9609328 | AN78: 8.3011504 | AO78: 0 | AP78: 0 | AQ78: 0 | AR78: 0 | AS78: 8.3011504 | AT78: 20.875 | AU78: 6.5 | AV78: 80 | AW78: 80 | AX78: 0 | AY78: 0 | AZ78: 967.92345 | BA78: 967.92345 | BB78: 0 | BC78: 0 | BD78: 119.63318 | BE78: 119.63318 | BF78: NA | BG78: 0 | BH78: 0 | BI78: NA | BJ78: NA | BK78: NA | BL78: NA | BM78: NA | BN78: NA | BO78: 0 | BP78: 0 | BQ78: NA | BR78: NA | BS78: NA | BT78: NA | BU78: NA | BV78: NA | BW78: 10 | BX78: 70 | BY78: 0 | BZ78: 0 | CA78: 0 | CB78: 0 | CC78: 0 | CD78: 0 | CE78: 10 | CF78: 70 | CG78: 0 | CH78: 0 | CI78: 0 | CJ78: 0 | CK78: 0 | CL78: 0 | CM78: 0 | CN78: 0 | CO78: 0 | CP78: 0 | CQ78: 0 | CR78: 0 | CS78: 0 | CT78: 0 | CU78: 98.604154 | CV78: 869.3193 | CW78: 0 | CX78: 0 | CY78: 0 | CZ78: 0 | DA78: 0 | DB78: 0 | DC78: 98.604154 | DD78: 869.3193 | DE78: 0 | DF78: 0 | DG78: 0 | DH78: 0 | DI78: 0 | DJ78: 0 | DK78: 0 | DL78: 0 | DM78: 0 | DN78: 0 | DO78: 0 | DP78: 0 | DQ78: 0 | DR78: 0 | DS78: 108 | DT78: 121.20395 | DU78: NA | DV78: NA | DW78: NA | DX78: NA | DY78: NA | DZ78: NA | EA78: 108 | EB78: 121.20395 | EC78: NA | ED78: NA | EE78: NA | EF78: NA | EG78: NA | EH78: NA | EI78: NA | EJ78: NA | EK78: NA | EL78: NA | EM78: NA | EN78: NA | EO78: NA | EP78: NA | EQ78: 0 | ER78: 0 | ES78: 0 | ET78: 0 | EU78: 0 | EV78: 0 | EW78: NA | EX78: NA | EY78: NA | EZ78: NA | FA78: NA | FB78: 0 | FC78: 0 | FD78: 70 | FE78: 10 | FF78: 100 | FG78: 100 | FH78: 0 | FI78: 0 | FJ78: 108 | FK78: 121.20395 | FL78: NA | FM78: NA | FN78: NA | FO78: NA | FP78: NA | FQ78: NA | FR78: 0 | FS78: 100 | FT78: 0 | FU78: 0
A79: CJGU21 | B79: Stake | C79: UNBURNED | D79: UNBURNED | E79: No | F79: 37.28674605533334 | G79: -122.26406515066668 | H79: 2 | I79: 2025-08-26 10:42 | J79: No | K79: SESE | L79: 0 | M79: 0 | N79: 0 | O79: 13.549999 | P79: 198.31999 | Q79: 122.66894 | R79: 0 | S79: 1 | T79: 1 | U79: 0 | V79: 0 | W79: 0 | X79: 0 | Y79: 0.51315789 | Z79: 0 | AA79: 0.48684211 | AB79: 0 | AC79: 1 | AD79: 1 | AE79: 0 | AF79: 0 | AG79: NA | AH79: 50.464602 | AI79: 49.535398 | AJ79: 0.57203599 | AK79: 0.39083523 | AL79: 0.93502798 | AM79: 0 | AN79: 1.3258632 | AO79: 0 | AP79: 0 | AQ79: 0 | AR79: 0 | AS79: 1.3258632 | AT79: 8.125 | AU79: 4.25 | AV79: 110 | AW79: 100 | AX79: 10 | AY79: 9.0909091 | AZ79: 581.91786 | BA79: 580.59697 | BB79: 1.3208933 | BC79: 0.22698964 | BD79: 79.106223 | BE79: 82.87309 | BF79: 12.5 | BG79: 0 | BH79: 33.333333 | BI79: 0 | BJ79: 0 | BK79: 0 | BL79: NA | BM79: NA | BN79: NA | BO79: 0 | BP79: 0.23825447 | BQ79: 0 | BR79: 0 | BS79: 0 | BT79: NA | BU79: NA | BV79: NA | BW79: 10 | BX79: 30 | BY79: 30 | BZ79: 30 | CA79: 10 | CB79: 0 | CC79: 0 | CD79: 0 | CE79: 10 | CF79: 20 | CG79: 30 | CH79: 30 | CI79: 10 | CJ79: 0 | CK79: 0 | CL79: 0 | CM79: 0 | CN79: 10 | CO79: 0 | CP79: 0 | CQ79: 0 | CR79: 0 | CS79: 0 | CT79: 0 | CU79: 6.8665316 | CV79: 554.40439 | CW79: 11.239808 | CX79: 8.1281643 | CY79: 1.2789628 | CZ79: 0 | DA79: 0 | DB79: 0 | DC79: 6.8665316 | DD79: 553.0835 | DE79: 11.239808 | DF79: 8.1281643 | DG79: 1.2789628 | DH79: 0 | DI79: 0 | DJ79: 0 | DK79: 0 | DL79: 1.3208933 | DM79: 0 | DN79: 0 | DO79: 0 | DP79: 0 | DQ79: 0 | DR79: 0 | DS79: 28.5 | DT79: 147.85256 | DU79: 21.052078 | DV79: 17.902421 | DW79: 12.3 | DX79: NA | DY79: NA | DZ79: NA | EA79: 28.5 | EB79: 180.86582 | EC79: 21.052078 | ED79: 17.902421 | EE79: 12.3 | EF79: NA | EG79: NA | EH79: NA | EI79: NA | EJ79: 12.5 | EK79: NA | EL79: NA | EM79: NA | EN79: NA | EO79: NA | EP79: NA | EQ79: 70 | ER79: 70 | ES79: 0 | ET79: 20.646935 | EU79: 20.646935 | EV79: 0 | EW79: 0 | EX79: 0 | EY79: 18.679056 | EZ79: 18.679056 | FA79: NA | FB79: 0 | FC79: 11.111111 | FD79: 20 | FE79: 90 | FF79: 0 | FG79: 0 | FH79: 0 | FI79: NA | FJ79: 28.5 | FK79: 180.86582 | FL79: 21.052078 | FM79: 17.902421 | FN79: 12.3 | FO79: NA | FP79: NA | FQ79: NA | FR79: 0 | FS79: 18.181818 | FT79: 0 | FU79: 0
A80: CJGU22 | B80: Stake | C80: UNBURNED | D80: UNBURNED | E80: No | F80: 37.28345395666667 | G80: -122.26805469499998 | H80: 3 | I80: 2025-08-27 08:22 | J80: No | K80: SESE | L80: 0 | M80: 0 | N80: 0 | O80: 3.3399999 | P80: 192.34 | Q80: 104.4371 | R80: 0.015873016 | S80: 0.98412698 | T80: 0.98412698 | U80: 0 | V80: 0 | W80: 0 | X80: 0 | Y80: 0.73015873 | Z80: 0 | AA80: 0.25396825 | AB80: 0.015873016 | AC80: 0.98412698 | AD80: 0.98412698 | AE80: 0 | AF80: 0 | AG80: NA | AH80: 9.0707965 | AI80: 90.929204 | AJ80: 0.89375 | AK80: 0.55368324 | AL80: 4.0517879 | AM80: 1.2402332 | AN80: 5.8457044 | AO80: 5.3237759 | AP80: 2.3564254 | AQ80: 7.6802013 | AR80: 7.6802013 | AS80: 13.525906 | AT80: 4.375 | AU80: 4.5 | AV80: 100 | AW80: 90 | AX80: 10 | AY80: 10 | AZ80: 128.16359 | BA80: 123.84577 | BB80: 4.3178204 | BC80: 3.3689915 | BD80: 38.936641 | BE80: 40.345535 | BF80: 22.6 | BG80: NA | BH80: 0 | BI80: 16.666667 | BJ80: NA | BK80: NA | BL80: NA | BM80: NA | BN80: NA | BO80: NA | BP80: 0 | BQ80: 12.905443 | BR80: NA | BS80: NA | BT80: NA | BU80: NA | BV80: NA | BW80: 0 | BX80: 40 | BY80: 60 | BZ80: 0 | CA80: 0 | CB80: 0 | CC80: 0 | CD80: 0 | CE80: 0 | CF80: 40 | CG80: 50 | CH80: 0 | CI80: 0 | CJ80: 0 | CK80: 0 | CL80: 0 | CM80: 0 | CN80: 0 | CO80: 10 | CP80: 0 | CQ80: 0 | CR80: 0 | CS80: 0 | CT80: 0 | CU80: 0 | CV80: 94.70623 | CW80: 33.45736 | CX80: 0 | CY80: 0 | CZ80: 0 | DA80: 0 | DB80: 0 | DC80: 0 | DD80: 94.70623 | DE80: 29.139539 | DF80: 0 | DG80: 0 | DH80: 0 | DI80: 0 | DJ80: 0 | DK80: 0 | DL80: 0 | DM80: 4.3178204 | DN80: 0 | DO80: 0 | DP80: 0 | DQ80: 0 | DR80: 0 | DS80: NA | DT80: 52.9219 | DU80: 25.683036 | DV80: NA | DW80: NA | DX80: NA | DY80: NA | DZ80: NA | EA80: NA | EB80: 52.9219 | EC80: 26.256237 | ED80: NA | EE80: NA | EF80: NA | EG80: NA | EH80: NA | EI80: NA | EJ80: NA | EK80: 22.6 | EL80: NA | EM80: NA | EN80: NA | EO80: NA | EP80: NA | EQ80: 60 | ER80: 50 | ES80: 10 | ET80: 33.45736 | EU80: 29.139539 | EV80: 4.3178204 | EW80: 16.666667 | EX80: 12.905443 | EY80: 25.683036 | EZ80: 26.256237 | FA80: 22.6 | FB80: 0 | FC80: 16.666667 | FD80: 40 | FE80: 60 | FF80: 200 | FG80: 200 | FH80: 0 | FI80: 0 | FJ80: NA | FK80: 52.9219 | FL80: 26.256237 | FM80: NA | FN80: NA | FO80: NA | FP80: NA | FQ80: NA | FR80: 20 | FS80: 90 | FT80: 0 | FU80: 0
A81: CJGU23 | B81: Stake | C81: UNBURNED | D81: UNBURNED | E81: No | F81: 37.28697378883333 | G81: -122.263860369 | H81: 2 | I81: 2025-08-26 9:06 | J81: No | K81: SESE | L81: 0 | M81: 0 | N81: 0 | O81: 0 | P81: 172.31999 | Q81: 91.676317 | R81: 0.038167939 | S81: 0.96183206 | T81: 0.96183206 | U81: 0 | V81: 0 | W81: 0 | X81: 0 | Y81: 0.41221374 | Z81: 0 | AA81: 0.54961832 | AB81: 0.038167939 | AC81: 0.96183206 | AD81: 0.96183206 | AE81: 0 | AF81: 0 | AG81: NA | AH81: 20.287611 | AI81: 79.712389 | AJ81: 0.40280953 | AK81: 0.55368324 | AL81: 0.93502798 | AM81: 1.2402332 | AN81: 2.7289444 | AO81: 2.1818754 | AP81: 0 | AQ81: 2.1818754 | AR81: 2.1818754 | AS81: 4.9108198 | AT81: 8.5 | AU81: 5.375 | AV81: 110 | AW81: 110 | AX81: 0 | AY81: 0 | AZ81: 378.3494 | BA81: 378.3494 | BB81: 0 | BC81: 0 | BD81: 63.786141 | BE81: 63.786141 | BF81: NA | BG81: 0 | BH81: 0 | BI81: 0 | BJ81: NA | BK81: NA | BL81: NA | BM81: NA | BN81: NA | BO81: 0 | BP81: 0 | BQ81: 0 | BR81: NA | BS81: NA | BT81: NA | BU81: NA | BV81: NA | BW81: 20 | BX81: 70 | BY81: 20 | BZ81: 0 | CA81: 0 | CB81: 0 | CC81: 0 | CD81: 0 | CE81: 20 | CF81: 70 | CG81: 20 | CH81: 0 | CI81: 0 | CJ81: 0 | CK81: 0 | CL81: 0 | CM81: 0 | CN81: 0 | CO81: 0 | CP81: 0 | CQ81: 0 | CR81: 0 | CS81: 0 | CT81: 0 | CU81: 3.7502379 | CV81: 371.36561 | CW81: 3.2335467 | CX81: 0 | CY81: 0 | CZ81: 0 | DA81: 0 | DB81: 0 | DC81: 3.7502379 | DD81: 371.36561 | DE81: 3.2335467 | DF81: 0 | DG81: 0 | DH81: 0 | DI81: 0 | DJ81: 0 | DK81: 0 | DL81: 0 | DM81: 0 | DN81: 0 | DO81: 0 | DP81: 0 | DQ81: 0 | DR81: 0 | DS81: 14.893287 | DT81: 79.218748 | DU81: 13.829317 | DV81: NA | DW81: NA | DX81: NA | DY81: NA | DZ81: NA | EA81: 14.893287 | EB81: 79.218748 | EC81: 13.829317 | ED81: NA | EE81: NA | EF81: NA | EG81: NA | EH81: NA | EI81: NA | EJ81: NA | EK81: NA | EL81: NA | EM81: NA | EN81: NA | EO81: NA | EP81: NA | EQ81: 20 | ER81: 20 | ES81: 0 | ET81: 3.2335467 | EU81: 3.2335467 | EV81: 0 | EW81: 0 | EX81: 0 | EY81: 13.829317 | EZ81: 13.829317 | FA81: NA | FB81: 0 | FC81: 0 | FD81: 20 | FE81: 90 | FF81: 600 | FG81: 600 | FH81: 0 | FI81: 0 | FJ81: 14.893287 | FK81: 79.218748 | FL81: 13.829317 | FM81: NA | FN81: NA | FO81: NA | FP81: NA | FQ81: NA | FR81: 0 | FS81: 72.727273 | FT81: 0 | FU81: 0
A82: CJGU24 | B82: Stake | C82: UNBURNED | D82: UNBURNED | E82: Yes | F82: 37.28340731116666 | G82: -122.26426238516666 | H82: 2 | I82: 2025-08-25 10:59 | J82: No | K82: SESE | L82: 0 | M82: 0 | N82: 0 | O82: 0.11 | P82: 139.23 | Q82: 75.718642 | R82: 0.016393443 | S82: 0.98360656 | T82: 0.98360656 | U82: 0 | V82: 0 | W82: 0.19672131 | X82: 0 | Y82: 0.76229508 | Z82: 0 | AA82: 0.024590164 | AB82: 0.016393443 | AC82: 0.98360656 | AD82: 0.98360656 | AE82: 0 | AF82: 0 | AG82: NA | AH82: 10.90708 | AI82: 89.09292 | AJ82: 0.26130515 | AK82: 1.1562209 | AL82: 1.55838 | AM82: 4.9609328 | AN82: 7.6755336 | AO82: 15.033121 | AP82: 83.125524 | AQ82: 98.158646 | AR82: 98.158646 | AS82: 105.83418 | AT82: 5.25 | AU82: 3.25 | AV82: 110 | AW82: 110 | AX82: 0 | AY82: 0 | AZ82: 122.60992 | BA82: 122.60992 | BB82: 0 | BC82: 0 | BD82: 36.311368 | BE82: 36.311368 | BF82: NA | BG82: 0 | BH82: NA | BI82: 0 | BJ82: 0 | BK82: NA | BL82: 0 | BM82: 0 | BN82: NA | BO82: 0 | BP82: NA | BQ82: 0 | BR82: 0 | BS82: NA | BT82: 0 | BU82: 0 | BV82: NA | BW82: 30 | BX82: 0 | BY82: 20 | BZ82: 20 | CA82: 0 | CB82: 10 | CC82: 30 | CD82: 0 | CE82: 30 | CF82: 0 | CG82: 20 | CH82: 20 | CI82: 0 | CJ82: 10 | CK82: 30 | CL82: 0 | CM82: 0 | CN82: 0 | CO82: 0 | CP82: 0 | CQ82: 0 | CR82: 0 | CS82: 0 | CT82: 0 | CU82: 87.873344 | CV82: 0 | CW82: 10.930064 | CX82: 4.1342903 | CY82: 0 | CZ82: 1.2173352 | DA82: 18.454887 | DB82: 0 | DC82: 87.873344 | DD82: 0 | DE82: 10.930064 | DF82: 4.1342903 | DG82: 0 | DH82: 1.2173352 | DI82: 18.454887 | DJ82: 0 | DK82: 0 | DL82: 0 | DM82: 0 | DN82: 0 | DO82: 0 | DP82: 0 | DQ82: 0 | DR82: 0 | DS82: 58.863231 | DT82: NA | DU82: 25.425676 | DV82: 15.637295 | DW82: NA | DX82: 12 | DY82: 26.975606 | DZ82: NA | EA82: 58.863231 | EB82: NA | EC82: 25.425676 | ED82: 15.637295 | EE82: NA | EF82: 12 | EG82: 26.975606 | EH82: NA | EI82: NA | EJ82: NA | EK82: NA | EL82: NA | EM82: NA | EN82: NA | EO82: NA | EP82: NA | EQ82: 80 | ER82: 80 | ES82: 0 | ET82: 34.736576 | EU82: 34.736576 | EV82: 0 | EW82: 0 | EX82: 0 | EY82: 22.663379 | EZ82: 22.663379 | FA82: NA | FB82: 0 | FC82: 0 | FD82: 40 | FE82: 70 | FF82: 100 | FG82: 100 | FH82: 0 | FI82: 0 | FJ82: 58.863231 | FK82: NA | FL82: 25.425676 | FM82: 15.637295 | FN82: NA | FO82: 12 | FP82: 26.975606 | FQ82: NA | FR82: 0 | FS82: 63.636364 | FT82: 0 | FU82: 0
A83: CJGU25 | B83: Stake | C83: UNBURNED | D83: UNBURNED | E83: Yes | F83: 37.28372090333333 | G83: -122.26845614500002 | H83: 1130 | I83: 2025-05-27 | J83: No | K83: SESE | L83: 0 | M83: 0 | N83: 0 | O83: 9.4099998 | P83: 158.23 | Q83: 97.264262 | R83: 0.024 | S83: 0.976 | T83: 0.976 | U83: 0 | V83: 0 | W83: 0.096 | X83: 0 | Y83: 0.864 | Z83: 0 | AA83: 0.016 | AB83: 0.024 | AC83: 0.976 | AD83: 0.976 | AE83: 0 | AF83: 0 | AG83: NA | AH83: 0.066371681 | AI83: 99.933628 | AJ83: 0.15 | AK83: 1.1399361 | AL83: 6.2335199 | AM83: 6.201166 | AN83: 13.574622 | AO83: 0 | AP83: 10.583787 | AQ83: 10.583787 | AR83: 10.583787 | AS83: 24.158408 | AT83: 5.375 | AU83: 3.375 | AV83: 80 | AW83: 80 | AX83: 0 | AY83: 0 | AZ83: 116.23928 | BA83: 116.23928 | BB83: 0 | BC83: 0 | BD83: 41.45793 | BE83: 41.45793 | BF83: NA | BG83: 0 | BH83: NA | BI83: 0 | BJ83: NA | BK83: NA | BL83: NA | BM83: NA | BN83: NA | BO83: 0 | BP83: NA | BQ83: 0 | BR83: NA | BS83: NA | BT83: NA | BU83: NA | BV83: NA | BW83: 10 | BX83: 0 | BY83: 70 | BZ83: 0 | CA83: 0 | CB83: 0 | CC83: 0 | CD83: 0 | CE83: 10 | CF83: 0 | CG83: 70 | CH83: 0 | CI83: 0 | CJ83: 0 | CK83: 0 | CL83: 0 | CM83: 0 | CN83: 0 | CO83: 0 | CP83: 0 | CQ83: 0 | CR83: 0 | CS83: 0 | CT83: 0 | CU83: 76.616374 | CV83: 0 | CW83: 39.622909 | CX83: 0 | CY83: 0 | CZ83: 0 | DA83: 0 | DB83: 0 | DC83: 76.616374 | DD83: 0 | DE83: 39.622909 | DF83: 0 | DG83: 0 | DH83: 0 | DI83: 0 | DJ83: 0 | DK83: 0 | DL83: 0 | DM83: 0 | DN83: 0 | DO83: 0 | DP83: 0 | DQ83: 0 | DR83: 0 | DS83: 95.2 | DT83: NA | DU83: 25.876189 | DV83: NA | DW83: NA | DX83: NA | DY83: NA | DZ83: NA | EA83: 95.2 | EB83: NA | EC83: 25.876189 | ED83: NA | EE83: NA | EF83: NA | EG83: NA | EH83: NA | EI83: NA | EJ83: NA | EK83: NA | EL83: NA | EM83: NA | EN83: NA | EO83: NA | EP83: NA | EQ83: 70 | ER83: 70 | ES83: 0 | ET83: 39.622909 | EU83: 39.622909 | EV83: 0 | EW83: 0 | EX83: 0 | EY83: 25.876189 | EZ83: 25.876189 | FA83: NA | FB83: 0 | FC83: 0 | FD83: 30 | FE83: 50 | FF83: 500 | FG83: 400 | FH83: 100 | FI83: 20 | FJ83: 95.2 | FK83: NA | FL83: 25.876189 | FM83: NA | FN83: NA | FO83: NA | FP83: NA | FQ83: NA | FR83: 0 | FS83: 87.5 | FT83: 0 | FU83: 0
A84: CJGU26 | B84: Stake | C84: UNBURNED | D84: UNBURNED | E84: No | F84: 37.28337431333334 | G84: -122.26845385333334 | H84: 3 | I84: 2025-08-27 9:59 | J84: No | K84: SESE | L84: 0 | M84: 0 | N84: 0 | O84: 7.1499996 | P84: 189.06 | Q84: 139.14735 | R84: 0.01754386 | S84: 0.98245614 | T84: 0.98245614 | U84: 0 | V84: 0 | W84: 0 | X84: 0 | Y84: 0.21052632 | Z84: 0 | AA84: 0.77192982 | AB84: 0.01754386 | AC84: 0.98245614 | AD84: 0.98245614 | AE84: 0 | AF84: 0 | AG84: NA | AH84: 0 | AI84: 100 | AK84: 0.63510724 | AL84: 3.1167599 | AM84: 0 | AN84: 3.7518672 | AO84: 4.1510179 | AP84: 0 | AQ84: 4.1510179 | AR84: 4.1510179 | AS84: 7.9028851 | AT84: 0.625 | AU84: 0.625 | AV84: 80 | AW84: 80 | AX84: 0 | AY84: 0 | AZ84: 441.61363 | BA84: 441.61363 | BB84: 0 | BC84: 0 | BD84: 80.807634 | BE84: 80.807634 | BF84: NA | BG84: NA | BH84: 0 | BI84: 0 | BJ84: NA | BK84: NA | BL84: NA | BM84: NA | BN84: NA | BO84: NA | BP84: 0 | BQ84: 0 | BR84: NA | BS84: NA | BT84: NA | BU84: NA | BV84: NA | BW84: 0 | BX84: 60 | BY84: 20 | BZ84: 0 | CA84: 0 | CB84: 0 | CC84: 0 | CD84: 0 | CE84: 0 | CF84: 60 | CG84: 20 | CH84: 0 | CI84: 0 | CJ84: 0 | CK84: 0 | CL84: 0 | CM84: 0 | CN84: 0 | CO84: 0 | CP84: 0 | CQ84: 0 | CR84: 0 | CS84: 0 | CT84: 0 | CU84: 0 | CV84: 415.97892 | CW84: 25.634713 | CX84: 0 | CY84: 0 | CZ84: 0 | DA84: 0 | DB84: 0 | DC84: 0 | DD84: 415.97892 | DE84: 25.634713 | DF84: 0 | DG84: 0 | DH84: 0 | DI84: 0 | DJ84: 0 | DK84: 0 | DL84: 0 | DM84: 0 | DN84: 0 | DO84: 0 | DP84: 0 | DQ84: 0 | DR84: 0 | DS84: NA | DT84: 90.559953 | DU84: 38.938156 | DV84: NA | DW84: NA | DX84: NA | DY84: NA | DZ84: NA | EA84: NA | EB84: 90.559953 | EC84: 38.938156 | ED84: NA | EE84: NA | EF84: NA | EG84: NA | EH84: NA | EI84: NA | EJ84: NA | EK84: NA | EL84: NA | EM84: NA | EN84: NA | EO84: NA | EP84: NA | EQ84: 20 | ER84: 20 | ES84: 0 | ET84: 25.634713 | EU84: 25.634713 | EV84: 0 | EW84: 0 | EX84: 0 | EY84: 38.938156 | EZ84: 38.938156 | FA84: NA | FB84: 0 | FC84: 0 | FD84: 60 | FE84: 20 | FF84: 0 | FG84: 0 | FH84: 0 | FI84: NA | FJ84: NA | FK84: 90.559953 | FL84: 38.938156 | FM84: NA | FN84: NA | FO84: NA | FP84: NA | FQ84: NA | FR84: 0 | FS84: 62.5 | FT84: 0 | FU84: 0
A85: CJGU27 | B85: Stake | C85: UNBURNED | D85: UNBURNED | E85: Yes | F85: 37.283611300000004 | G85: -122.2675257 | H85: 2 | I85: 2025-08-27 12:01 | J85: No | K85: SESE | L85: 0 | M85: 0 | N85: 0 | O85: 10.26 | P85: 198.64 | Q85: 148.79663 | R85: 0 | S85: 1 | T85: 1 | U85: 0 | V85: 0 | W85: 0 | X85: 0 | Y85: 0.66666667 | Z85: 0 | AA85: 0.33333333 | AB85: 0 | AC85: 1 | AD85: 1 | AE85: 0 | AF85: 0 | AG85: NA | AH85: 6.7035398 | AI85: 93.29646 | AJ85: 0.8062212 | AK85: 2.1495937 | AL85: 4.9868159 | AM85: 1.2402332 | AN85: 8.3766429 | AO85: 24.524279 | AP85: 3.4405447 | AQ85: 27.964824 | AR85: 27.964824 | AS85: 36.341467 | AT85: 13.875 | AU85: 4.5 | AV85: 170 | AW85: 150 | AX85: 20 | AY85: 11.764706 | AZ85: 1190.8406 | BA85: 1160.9292 | BB85: 29.911364 | BC85: 2.5117857 | BD85: 91.028735 | BE85: 95.682694 | BF85: 42.060968 | BG85: 0 | BH85: 18.181818 | BI85: 0 | BJ85: NA | BK85: NA | BL85: NA | BM85: NA | BN85: NA | BO85: 0 | BP85: 2.596095 | BQ85: 0 | BR85: NA | BS85: NA | BT85: NA | BU85: NA | BV85: NA | BW85: 30 | BX85: 110 | BY85: 30 | BZ85: 0 | CA85: 0 | CB85: 0 | CC85: 0 | CD85: 0 | CE85: 30 | CF85: 90 | CG85: 30 | CH85: 0 | CI85: 0 | CJ85: 0 | CK85: 0 | CL85: 0 | CM85: 0 | CN85: 20 | CO85: 0 | CP85: 0 | CQ85: 0 | CR85: 0 | CS85: 0 | CT85: 0 | CU85: 35.548387 | CV85: 1152.1676 | CW85: 3.1246628 | CX85: 0 | CY85: 0 | CZ85: 0 | DA85: 0 | DB85: 0 | DC85: 35.548387 | DD85: 1122.2562 | DE85: 3.1246628 | DF85: 0 | DG85: 0 | DH85: 0 | DI85: 0 | DJ85: 0 | DK85: 0 | DL85: 29.911364 | DM85: 0 | DN85: 0 | DO85: 0 | DP85: 0 | DQ85: 0 | DR85: 0 | DS85: 37.439106 | DT85: 111.31088 | DU85: 11.09985 | DV85: NA | DW85: NA | DX85: NA | DY85: NA | DZ85: NA | EA85: 37.439106 | EB85: 121.45095 | EC85: 11.09985 | ED85: NA | EE85: NA | EF85: NA | EG85: NA | EH85: NA | EI85: NA | EJ85: 42.060968 | EK85: NA | EL85: NA | EM85: NA | EN85: NA | EO85: NA | EP85: NA | EQ85: 30 | ER85: 30 | ES85: 0 | ET85: 3.1246628 | EU85: 3.1246628 | EV85: 0 | EW85: 0 | EX85: 0 | EY85: 11.09985 | EZ85: 11.09985 | FA85: NA | FB85: 7.6923077 | FC85: 25 | FD85: 130 | FE85: 40 | FF85: 200 | FG85: 200 | FH85: 0 | FI85: 0 | FJ85: 37.439106 | FK85: 121.45095 | FL85: 11.09985 | FM85: NA | FN85: NA | FO85: NA | FP85: NA | FQ85: NA | FR85: 0 | FS85: 70.588235 | FT85: 0 | FU85: 29.411765
